Subject,Injury,Biome_SampleID,Collect_Time,alpha_diversity,Week,PctOptimal,PctPremature,OptimalBase,PrematureBase
2,TBI,Martens-01-HFD2-Pre-surgery,Pre,3.903031784,10,10.02496002,10.70338808,55.13835032,7.091033895
2,TBI,Martens-01-HFD2-Pre-surgery,Pre,3.903031784,9,13.71451414,12.22319815,55.13835032,7.091033895
2,TBI,Martens-01-HFD2-Pre-surgery,Pre,3.903031784,2,14.42105857,3.490223178,55.13835032,7.091033895
2,TBI,Martens-01-HFD2-Pre-surgery,Pre,3.903031784,3,5.610910589,15.77709606,55.13835032,7.091033895
2,TBI,Martens-01-HFD2-Pre-surgery,Pre,3.903031784,5,2.3056119,17.08225763,55.13835032,7.091033895
2,TBI,Martens-01-HFD2-Pre-surgery,Pre,3.903031784,7,7.332619387,11.01318284,55.13835032,7.091033895
2,TBI,Martens-01-HFD2-Pre-surgery,Pre,3.903031784,8,9.364916003,9.442000069,55.13835032,7.091033895
2,TBI,Martens-01-HFD2-Pre-surgery,Pre,3.903031784,6,1.594882206,13.09451631,55.13835032,7.091033895
2,TBI,Martens-01-HFD2-Pre-surgery,Pre,3.903031784,4,3.585946574,21.29420774,55.13835032,7.091033895
2,TBI,Martens-25-HFD2-3,D3,3.430267605,10,10.02496002,10.70338808,55.13835032,7.091033895
2,TBI,Martens-25-HFD2-3,D3,3.430267605,9,13.71451414,12.22319815,55.13835032,7.091033895
2,TBI,Martens-25-HFD2-3,D3,3.430267605,2,14.42105857,3.490223178,55.13835032,7.091033895
2,TBI,Martens-25-HFD2-3,D3,3.430267605,3,5.610910589,15.77709606,55.13835032,7.091033895
2,TBI,Martens-25-HFD2-3,D3,3.430267605,5,2.3056119,17.08225763,55.13835032,7.091033895
2,TBI,Martens-25-HFD2-3,D3,3.430267605,7,7.332619387,11.01318284,55.13835032,7.091033895
2,TBI,Martens-25-HFD2-3,D3,3.430267605,8,9.364916003,9.442000069,55.13835032,7.091033895
2,TBI,Martens-25-HFD2-3,D3,3.430267605,6,1.594882206,13.09451631,55.13835032,7.091033895
2,TBI,Martens-25-HFD2-3,D3,3.430267605,4,3.585946574,21.29420774,55.13835032,7.091033895
2,TBI,Martens-49-HFD2-30,D30,3.911453578,10,10.02496002,10.70338808,55.13835032,7.091033895
2,TBI,Martens-49-HFD2-30,D30,3.911453578,9,13.71451414,12.22319815,55.13835032,7.091033895
2,TBI,Martens-49-HFD2-30,D30,3.911453578,2,14.42105857,3.490223178,55.13835032,7.091033895
2,TBI,Martens-49-HFD2-30,D30,3.911453578,3,5.610910589,15.77709606,55.13835032,7.091033895
2,TBI,Martens-49-HFD2-30,D30,3.911453578,5,2.3056119,17.08225763,55.13835032,7.091033895
2,TBI,Martens-49-HFD2-30,D30,3.911453578,7,7.332619387,11.01318284,55.13835032,7.091033895
2,TBI,Martens-49-HFD2-30,D30,3.911453578,8,9.364916003,9.442000069,55.13835032,7.091033895
2,TBI,Martens-49-HFD2-30,D30,3.911453578,6,1.594882206,13.09451631,55.13835032,7.091033895
2,TBI,Martens-49-HFD2-30,D30,3.911453578,4,3.585946574,21.29420774,55.13835032,7.091033895
2,TBI,Martens-73-HFD2-60,D60,4.289361754,10,10.02496002,10.70338808,55.13835032,7.091033895
2,TBI,Martens-73-HFD2-60,D60,4.289361754,9,13.71451414,12.22319815,55.13835032,7.091033895
2,TBI,Martens-73-HFD2-60,D60,4.289361754,2,14.42105857,3.490223178,55.13835032,7.091033895
2,TBI,Martens-73-HFD2-60,D60,4.289361754,3,5.610910589,15.77709606,55.13835032,7.091033895
2,TBI,Martens-73-HFD2-60,D60,4.289361754,5,2.3056119,17.08225763,55.13835032,7.091033895
2,TBI,Martens-73-HFD2-60,D60,4.289361754,7,7.332619387,11.01318284,55.13835032,7.091033895
2,TBI,Martens-73-HFD2-60,D60,4.289361754,8,9.364916003,9.442000069,55.13835032,7.091033895
2,TBI,Martens-73-HFD2-60,D60,4.289361754,6,1.594882206,13.09451631,55.13835032,7.091033895
2,TBI,Martens-73-HFD2-60,D60,4.289361754,4,3.585946574,21.29420774,55.13835032,7.091033895
3,Sham,Martens-02-HFD3-Pre-surgery,Pre,4.514308264,10,0,8.298369498,21.24257636,8.000449204
3,Sham,Martens-02-HFD3-Pre-surgery,Pre,4.514308264,8,0,9.099704093,21.24257636,8.000449204
3,Sham,Martens-02-HFD3-Pre-surgery,Pre,4.514308264,6,2.719526088,14.44169544,21.24257636,8.000449204
3,Sham,Martens-02-HFD3-Pre-surgery,Pre,4.514308264,9,1.190432756,9.020942347,21.24257636,8.000449204
3,Sham,Martens-02-HFD3-Pre-surgery,Pre,4.514308264,5,8.835859921,14.5630342,21.24257636,8.000449204
3,Sham,Martens-02-HFD3-Pre-surgery,Pre,4.514308264,7,0.327868852,8.89288636,21.24257636,8.000449204
3,Sham,Martens-02-HFD3-Pre-surgery,Pre,4.514308264,3,27.19210844,13.46034952,21.24257636,8.000449204
3,Sham,Martens-02-HFD3-Pre-surgery,Pre,4.514308264,4,13.74036836,15.85451684,21.24257636,8.000449204
3,Sham,Martens-02-HFD3-Pre-surgery,Pre,4.514308264,2,23.44788836,13.32214333,21.24257636,8.000449204
3,Sham,Martens-26-HFD3-3,D3,3.737005436,10,0,8.298369498,21.24257636,8.000449204
3,Sham,Martens-26-HFD3-3,D3,3.737005436,8,0,9.099704093,21.24257636,8.000449204
3,Sham,Martens-26-HFD3-3,D3,3.737005436,6,2.719526088,14.44169544,21.24257636,8.000449204
3,Sham,Martens-26-HFD3-3,D3,3.737005436,9,1.190432756,9.020942347,21.24257636,8.000449204
3,Sham,Martens-26-HFD3-3,D3,3.737005436,5,8.835859921,14.5630342,21.24257636,8.000449204
3,Sham,Martens-26-HFD3-3,D3,3.737005436,7,0.327868852,8.89288636,21.24257636,8.000449204
3,Sham,Martens-26-HFD3-3,D3,3.737005436,3,27.19210844,13.46034952,21.24257636,8.000449204
3,Sham,Martens-26-HFD3-3,D3,3.737005436,4,13.74036836,15.85451684,21.24257636,8.000449204
3,Sham,Martens-26-HFD3-3,D3,3.737005436,2,23.44788836,13.32214333,21.24257636,8.000449204
3,Sham,Martens-50-HFD3-30,D30,4.192399814,10,0,8.298369498,21.24257636,8.000449204
3,Sham,Martens-50-HFD3-30,D30,4.192399814,8,0,9.099704093,21.24257636,8.000449204
3,Sham,Martens-50-HFD3-30,D30,4.192399814,6,2.719526088,14.44169544,21.24257636,8.000449204
3,Sham,Martens-50-HFD3-30,D30,4.192399814,9,1.190432756,9.020942347,21.24257636,8.000449204
3,Sham,Martens-50-HFD3-30,D30,4.192399814,5,8.835859921,14.5630342,21.24257636,8.000449204
3,Sham,Martens-50-HFD3-30,D30,4.192399814,7,0.327868852,8.89288636,21.24257636,8.000449204
3,Sham,Martens-50-HFD3-30,D30,4.192399814,3,27.19210844,13.46034952,21.24257636,8.000449204
3,Sham,Martens-50-HFD3-30,D30,4.192399814,4,13.74036836,15.85451684,21.24257636,8.000449204
3,Sham,Martens-50-HFD3-30,D30,4.192399814,2,23.44788836,13.32214333,21.24257636,8.000449204
3,Sham,Martens-74-HFD3-60,D60,4.230962079,10,0,8.298369498,21.24257636,8.000449204
3,Sham,Martens-74-HFD3-60,D60,4.230962079,8,0,9.099704093,21.24257636,8.000449204
3,Sham,Martens-74-HFD3-60,D60,4.230962079,6,2.719526088,14.44169544,21.24257636,8.000449204
3,Sham,Martens-74-HFD3-60,D60,4.230962079,9,1.190432756,9.020942347,21.24257636,8.000449204
3,Sham,Martens-74-HFD3-60,D60,4.230962079,5,8.835859921,14.5630342,21.24257636,8.000449204
3,Sham,Martens-74-HFD3-60,D60,4.230962079,7,0.327868852,8.89288636,21.24257636,8.000449204
3,Sham,Martens-74-HFD3-60,D60,4.230962079,3,27.19210844,13.46034952,21.24257636,8.000449204
3,Sham,Martens-74-HFD3-60,D60,4.230962079,4,13.74036836,15.85451684,21.24257636,8.000449204
3,Sham,Martens-74-HFD3-60,D60,4.230962079,2,23.44788836,13.32214333,21.24257636,8.000449204
5,Sham,Martens-03-HFD5-Pre-surgery,Pre,4.128776187,8,65.96401641,5.051122123,86.97308696,2.947567783
5,Sham,Martens-03-HFD5-Pre-surgery,Pre,4.128776187,9,63.78327028,7.9863983,86.97308696,2.947567783
5,Sham,Martens-03-HFD5-Pre-surgery,Pre,4.128776187,7,66.13912421,4.484659143,86.97308696,2.947567783
5,Sham,Martens-03-HFD5-Pre-surgery,Pre,4.128776187,4,82.66440061,3.054713044,86.97308696,2.947567783
5,Sham,Martens-03-HFD5-Pre-surgery,Pre,4.128776187,5,80.04100402,2.277488199,86.97308696,2.947567783
5,Sham,Martens-03-HFD5-Pre-surgery,Pre,4.128776187,3,79.34984126,5.426786872,86.97308696,2.947567783
5,Sham,Martens-03-HFD5-Pre-surgery,Pre,4.128776187,10,66.82651131,4.397569506,86.97308696,2.947567783
5,Sham,Martens-03-HFD5-Pre-surgery,Pre,4.128776187,6,70.64029758,3.51796609,86.97308696,2.947567783
5,Sham,Martens-03-HFD5-Pre-surgery,Pre,4.128776187,2,82.32531194,0.620050799,86.97308696,2.947567783
5,Sham,Martens-27-HFD5-3,D3,4.053129051,8,65.96401641,5.051122123,86.97308696,2.947567783
5,Sham,Martens-27-HFD5-3,D3,4.053129051,9,63.78327028,7.9863983,86.97308696,2.947567783
5,Sham,Martens-27-HFD5-3,D3,4.053129051,7,66.13912421,4.484659143,86.97308696,2.947567783
5,Sham,Martens-27-HFD5-3,D3,4.053129051,4,82.66440061,3.054713044,86.97308696,2.947567783
5,Sham,Martens-27-HFD5-3,D3,4.053129051,5,80.04100402,2.277488199,86.97308696,2.947567783
5,Sham,Martens-27-HFD5-3,D3,4.053129051,3,79.34984126,5.426786872,86.97308696,2.947567783
5,Sham,Martens-27-HFD5-3,D3,4.053129051,10,66.82651131,4.397569506,86.97308696,2.947567783
5,Sham,Martens-27-HFD5-3,D3,4.053129051,6,70.64029758,3.51796609,86.97308696,2.947567783
5,Sham,Martens-27-HFD5-3,D3,4.053129051,2,82.32531194,0.620050799,86.97308696,2.947567783
5,Sham,Martens-51-HFD5-30,D30,4.102439117,8,65.96401641,5.051122123,86.97308696,2.947567783
5,Sham,Martens-51-HFD5-30,D30,4.102439117,9,63.78327028,7.9863983,86.97308696,2.947567783
5,Sham,Martens-51-HFD5-30,D30,4.102439117,7,66.13912421,4.484659143,86.97308696,2.947567783
5,Sham,Martens-51-HFD5-30,D30,4.102439117,4,82.66440061,3.054713044,86.97308696,2.947567783
5,Sham,Martens-51-HFD5-30,D30,4.102439117,5,80.04100402,2.277488199,86.97308696,2.947567783
5,Sham,Martens-51-HFD5-30,D30,4.102439117,3,79.34984126,5.426786872,86.97308696,2.947567783
5,Sham,Martens-51-HFD5-30,D30,4.102439117,10,66.82651131,4.397569506,86.97308696,2.947567783
5,Sham,Martens-51-HFD5-30,D30,4.102439117,6,70.64029758,3.51796609,86.97308696,2.947567783
5,Sham,Martens-51-HFD5-30,D30,4.102439117,2,82.32531194,0.620050799,86.97308696,2.947567783
5,Sham,Martens-75-HFD5-60,D60,4.272522341,8,65.96401641,5.051122123,86.97308696,2.947567783
5,Sham,Martens-75-HFD5-60,D60,4.272522341,9,63.78327028,7.9863983,86.97308696,2.947567783
5,Sham,Martens-75-HFD5-60,D60,4.272522341,7,66.13912421,4.484659143,86.97308696,2.947567783
5,Sham,Martens-75-HFD5-60,D60,4.272522341,4,82.66440061,3.054713044,86.97308696,2.947567783
5,Sham,Martens-75-HFD5-60,D60,4.272522341,5,80.04100402,2.277488199,86.97308696,2.947567783
5,Sham,Martens-75-HFD5-60,D60,4.272522341,3,79.34984126,5.426786872,86.97308696,2.947567783
5,Sham,Martens-75-HFD5-60,D60,4.272522341,10,66.82651131,4.397569506,86.97308696,2.947567783
5,Sham,Martens-75-HFD5-60,D60,4.272522341,6,70.64029758,3.51796609,86.97308696,2.947567783
5,Sham,Martens-75-HFD5-60,D60,4.272522341,2,82.32531194,0.620050799,86.97308696,2.947567783
6,TBI,Martens-04-HFD6-Pre-surgery,Pre,3.754060101,7,74.00777695,10.12831344,48.3167027,5.153431319
6,TBI,Martens-04-HFD6-Pre-surgery,Pre,3.754060101,10,82.91129161,9.096032854,48.3167027,5.153431319
6,TBI,Martens-04-HFD6-Pre-surgery,Pre,3.754060101,6,65.62663159,14.33058591,48.3167027,5.153431319
6,TBI,Martens-04-HFD6-Pre-surgery,Pre,3.754060101,2,22.44938885,4.725490768,48.3167027,5.153431319
6,TBI,Martens-04-HFD6-Pre-surgery,Pre,3.754060101,4,66.87805342,19.07434719,48.3167027,5.153431319
6,TBI,Martens-04-HFD6-Pre-surgery,Pre,3.754060101,5,67.22208162,15.70933427,48.3167027,5.153431319
6,TBI,Martens-04-HFD6-Pre-surgery,Pre,3.754060101,9,80.77929541,7.938941183,48.3167027,5.153431319
6,TBI,Martens-04-HFD6-Pre-surgery,Pre,3.754060101,3,41.45000245,19.22635424,48.3167027,5.153431319
6,TBI,Martens-04-HFD6-Pre-surgery,Pre,3.754060101,8,79.07248444,8.137148993,48.3167027,5.153431319
6,TBI,Martens-28-HFD6-3,D3,3.122732435,7,74.00777695,10.12831344,48.3167027,5.153431319
6,TBI,Martens-28-HFD6-3,D3,3.122732435,10,82.91129161,9.096032854,48.3167027,5.153431319
6,TBI,Martens-28-HFD6-3,D3,3.122732435,6,65.62663159,14.33058591,48.3167027,5.153431319
6,TBI,Martens-28-HFD6-3,D3,3.122732435,2,22.44938885,4.725490768,48.3167027,5.153431319
6,TBI,Martens-28-HFD6-3,D3,3.122732435,4,66.87805342,19.07434719,48.3167027,5.153431319
6,TBI,Martens-28-HFD6-3,D3,3.122732435,5,67.22208162,15.70933427,48.3167027,5.153431319
6,TBI,Martens-28-HFD6-3,D3,3.122732435,9,80.77929541,7.938941183,48.3167027,5.153431319
6,TBI,Martens-28-HFD6-3,D3,3.122732435,3,41.45000245,19.22635424,48.3167027,5.153431319
6,TBI,Martens-28-HFD6-3,D3,3.122732435,8,79.07248444,8.137148993,48.3167027,5.153431319
6,TBI,Martens-52-HFD6-30,D30,4.182790035,7,74.00777695,10.12831344,48.3167027,5.153431319
6,TBI,Martens-52-HFD6-30,D30,4.182790035,10,82.91129161,9.096032854,48.3167027,5.153431319
6,TBI,Martens-52-HFD6-30,D30,4.182790035,6,65.62663159,14.33058591,48.3167027,5.153431319
6,TBI,Martens-52-HFD6-30,D30,4.182790035,2,22.44938885,4.725490768,48.3167027,5.153431319
6,TBI,Martens-52-HFD6-30,D30,4.182790035,4,66.87805342,19.07434719,48.3167027,5.153431319
6,TBI,Martens-52-HFD6-30,D30,4.182790035,5,67.22208162,15.70933427,48.3167027,5.153431319
6,TBI,Martens-52-HFD6-30,D30,4.182790035,9,80.77929541,7.938941183,48.3167027,5.153431319
6,TBI,Martens-52-HFD6-30,D30,4.182790035,3,41.45000245,19.22635424,48.3167027,5.153431319
6,TBI,Martens-52-HFD6-30,D30,4.182790035,8,79.07248444,8.137148993,48.3167027,5.153431319
6,TBI,Martens-76-HFD6-60,D60,4.154598847,7,74.00777695,10.12831344,48.3167027,5.153431319
6,TBI,Martens-76-HFD6-60,D60,4.154598847,10,82.91129161,9.096032854,48.3167027,5.153431319
6,TBI,Martens-76-HFD6-60,D60,4.154598847,6,65.62663159,14.33058591,48.3167027,5.153431319
6,TBI,Martens-76-HFD6-60,D60,4.154598847,2,22.44938885,4.725490768,48.3167027,5.153431319
6,TBI,Martens-76-HFD6-60,D60,4.154598847,4,66.87805342,19.07434719,48.3167027,5.153431319
6,TBI,Martens-76-HFD6-60,D60,4.154598847,5,67.22208162,15.70933427,48.3167027,5.153431319
6,TBI,Martens-76-HFD6-60,D60,4.154598847,9,80.77929541,7.938941183,48.3167027,5.153431319
6,TBI,Martens-76-HFD6-60,D60,4.154598847,3,41.45000245,19.22635424,48.3167027,5.153431319
6,TBI,Martens-76-HFD6-60,D60,4.154598847,8,79.07248444,8.137148993,48.3167027,5.153431319
7,Sham,Martens-05-HFD7-Pre-surgery,Pre,4.605392207,10,89.02031173,2.104624765,84.44524192,5.298783889
7,Sham,Martens-05-HFD7-Pre-surgery,Pre,4.605392207,8,93.00134927,4.46106855,84.44524192,5.298783889
7,Sham,Martens-05-HFD7-Pre-surgery,Pre,4.605392207,4,94.77956096,1.42358979,84.44524192,5.298783889
7,Sham,Martens-05-HFD7-Pre-surgery,Pre,4.605392207,9,95.40910247,4.055330027,84.44524192,5.298783889
7,Sham,Martens-05-HFD7-Pre-surgery,Pre,4.605392207,6,95.84156267,4.733960449,84.44524192,5.298783889
7,Sham,Martens-05-HFD7-Pre-surgery,Pre,4.605392207,3,93.66598184,0.664396743,84.44524192,5.298783889
7,Sham,Martens-05-HFD7-Pre-surgery,Pre,4.605392207,7,93.93310947,3.956841819,84.44524192,5.298783889
7,Sham,Martens-05-HFD7-Pre-surgery,Pre,4.605392207,2,89.09065878,0,84.44524192,5.298783889
7,Sham,Martens-05-HFD7-Pre-surgery,Pre,4.605392207,5,93.9730964,3.074908545,84.44524192,5.298783889
7,Sham,Martens-29-HFD7-3,D3,3.949834323,10,89.02031173,2.104624765,84.44524192,5.298783889
7,Sham,Martens-29-HFD7-3,D3,3.949834323,8,93.00134927,4.46106855,84.44524192,5.298783889
7,Sham,Martens-29-HFD7-3,D3,3.949834323,4,94.77956096,1.42358979,84.44524192,5.298783889
7,Sham,Martens-29-HFD7-3,D3,3.949834323,9,95.40910247,4.055330027,84.44524192,5.298783889
7,Sham,Martens-29-HFD7-3,D3,3.949834323,6,95.84156267,4.733960449,84.44524192,5.298783889
7,Sham,Martens-29-HFD7-3,D3,3.949834323,3,93.66598184,0.664396743,84.44524192,5.298783889
7,Sham,Martens-29-HFD7-3,D3,3.949834323,7,93.93310947,3.956841819,84.44524192,5.298783889
7,Sham,Martens-29-HFD7-3,D3,3.949834323,2,89.09065878,0,84.44524192,5.298783889
7,Sham,Martens-29-HFD7-3,D3,3.949834323,5,93.9730964,3.074908545,84.44524192,5.298783889
7,Sham,Martens-53-HFD7-30,D30,4.201738016,10,89.02031173,2.104624765,84.44524192,5.298783889
7,Sham,Martens-53-HFD7-30,D30,4.201738016,8,93.00134927,4.46106855,84.44524192,5.298783889
7,Sham,Martens-53-HFD7-30,D30,4.201738016,4,94.77956096,1.42358979,84.44524192,5.298783889
7,Sham,Martens-53-HFD7-30,D30,4.201738016,9,95.40910247,4.055330027,84.44524192,5.298783889
7,Sham,Martens-53-HFD7-30,D30,4.201738016,6,95.84156267,4.733960449,84.44524192,5.298783889
7,Sham,Martens-53-HFD7-30,D30,4.201738016,3,93.66598184,0.664396743,84.44524192,5.298783889
7,Sham,Martens-53-HFD7-30,D30,4.201738016,7,93.93310947,3.956841819,84.44524192,5.298783889
7,Sham,Martens-53-HFD7-30,D30,4.201738016,2,89.09065878,0,84.44524192,5.298783889
7,Sham,Martens-53-HFD7-30,D30,4.201738016,5,93.9730964,3.074908545,84.44524192,5.298783889
7,Sham,Martens-77-HFD7-60,D60,4.220501651,10,89.02031173,2.104624765,84.44524192,5.298783889
7,Sham,Martens-77-HFD7-60,D60,4.220501651,8,93.00134927,4.46106855,84.44524192,5.298783889
7,Sham,Martens-77-HFD7-60,D60,4.220501651,4,94.77956096,1.42358979,84.44524192,5.298783889
7,Sham,Martens-77-HFD7-60,D60,4.220501651,9,95.40910247,4.055330027,84.44524192,5.298783889
7,Sham,Martens-77-HFD7-60,D60,4.220501651,6,95.84156267,4.733960449,84.44524192,5.298783889
7,Sham,Martens-77-HFD7-60,D60,4.220501651,3,93.66598184,0.664396743,84.44524192,5.298783889
7,Sham,Martens-77-HFD7-60,D60,4.220501651,7,93.93310947,3.956841819,84.44524192,5.298783889
7,Sham,Martens-77-HFD7-60,D60,4.220501651,2,89.09065878,0,84.44524192,5.298783889
7,Sham,Martens-77-HFD7-60,D60,4.220501651,5,93.9730964,3.074908545,84.44524192,5.298783889
8,TBI,Martens-06-HFD8-Pre-surgery,Pre,4.604216152,6,43.38713745,17.30549984,98.35221793,5.455075296
8,TBI,Martens-06-HFD8-Pre-surgery,Pre,4.604216152,5,43.14671066,12.88254793,98.35221793,5.455075296
8,TBI,Martens-06-HFD8-Pre-surgery,Pre,4.604216152,8,61.3993391,12.02016219,98.35221793,5.455075296
8,TBI,Martens-06-HFD8-Pre-surgery,Pre,4.604216152,7,53.41251043,17.55971758,98.35221793,5.455075296
8,TBI,Martens-06-HFD8-Pre-surgery,Pre,4.604216152,2,69.32948814,4.170559772,98.35221793,5.455075296
8,TBI,Martens-06-HFD8-Pre-surgery,Pre,4.604216152,3,61.07314657,21.28941584,98.35221793,5.455075296
8,TBI,Martens-06-HFD8-Pre-surgery,Pre,4.604216152,4,42.64607615,21.86671145,98.35221793,5.455075296
8,TBI,Martens-06-HFD8-Pre-surgery,Pre,4.604216152,9,55.74068034,12.14850289,98.35221793,5.455075296
8,TBI,Martens-06-HFD8-Pre-surgery,Pre,4.604216152,10,53.66610972,6.53493242,98.35221793,5.455075296
8,TBI,Martens-30-HFD8-3,D3,3.920878903,6,43.38713745,17.30549984,98.35221793,5.455075296
8,TBI,Martens-30-HFD8-3,D3,3.920878903,5,43.14671066,12.88254793,98.35221793,5.455075296
8,TBI,Martens-30-HFD8-3,D3,3.920878903,8,61.3993391,12.02016219,98.35221793,5.455075296
8,TBI,Martens-30-HFD8-3,D3,3.920878903,7,53.41251043,17.55971758,98.35221793,5.455075296
8,TBI,Martens-30-HFD8-3,D3,3.920878903,2,69.32948814,4.170559772,98.35221793,5.455075296
8,TBI,Martens-30-HFD8-3,D3,3.920878903,3,61.07314657,21.28941584,98.35221793,5.455075296
8,TBI,Martens-30-HFD8-3,D3,3.920878903,4,42.64607615,21.86671145,98.35221793,5.455075296
8,TBI,Martens-30-HFD8-3,D3,3.920878903,9,55.74068034,12.14850289,98.35221793,5.455075296
8,TBI,Martens-30-HFD8-3,D3,3.920878903,10,53.66610972,6.53493242,98.35221793,5.455075296
8,TBI,Martens-54-HFD8-30,D30,4.549310249,6,43.38713745,17.30549984,98.35221793,5.455075296
8,TBI,Martens-54-HFD8-30,D30,4.549310249,5,43.14671066,12.88254793,98.35221793,5.455075296
8,TBI,Martens-54-HFD8-30,D30,4.549310249,8,61.3993391,12.02016219,98.35221793,5.455075296
8,TBI,Martens-54-HFD8-30,D30,4.549310249,7,53.41251043,17.55971758,98.35221793,5.455075296
8,TBI,Martens-54-HFD8-30,D30,4.549310249,2,69.32948814,4.170559772,98.35221793,5.455075296
8,TBI,Martens-54-HFD8-30,D30,4.549310249,3,61.07314657,21.28941584,98.35221793,5.455075296
8,TBI,Martens-54-HFD8-30,D30,4.549310249,4,42.64607615,21.86671145,98.35221793,5.455075296
8,TBI,Martens-54-HFD8-30,D30,4.549310249,9,55.74068034,12.14850289,98.35221793,5.455075296
8,TBI,Martens-54-HFD8-30,D30,4.549310249,10,53.66610972,6.53493242,98.35221793,5.455075296
8,TBI,Martens-78-HFD8-60,D60,4.600156849,6,43.38713745,17.30549984,98.35221793,5.455075296
8,TBI,Martens-78-HFD8-60,D60,4.600156849,5,43.14671066,12.88254793,98.35221793,5.455075296
8,TBI,Martens-78-HFD8-60,D60,4.600156849,8,61.3993391,12.02016219,98.35221793,5.455075296
8,TBI,Martens-78-HFD8-60,D60,4.600156849,7,53.41251043,17.55971758,98.35221793,5.455075296
8,TBI,Martens-78-HFD8-60,D60,4.600156849,2,69.32948814,4.170559772,98.35221793,5.455075296
8,TBI,Martens-78-HFD8-60,D60,4.600156849,3,61.07314657,21.28941584,98.35221793,5.455075296
8,TBI,Martens-78-HFD8-60,D60,4.600156849,4,42.64607615,21.86671145,98.35221793,5.455075296
8,TBI,Martens-78-HFD8-60,D60,4.600156849,9,55.74068034,12.14850289,98.35221793,5.455075296
8,TBI,Martens-78-HFD8-60,D60,4.600156849,10,53.66610972,6.53493242,98.35221793,5.455075296
9,TBI,Martens-07-HFD9-Pre-surgery,Pre,4.098939117,3,12.81978929,1.55928819,84.31565514,1.445686166
9,TBI,Martens-07-HFD9-Pre-surgery,Pre,4.098939117,6,1.014713343,7.056363265,84.31565514,1.445686166
9,TBI,Martens-07-HFD9-Pre-surgery,Pre,4.098939117,5,0.870138381,2.949136959,84.31565514,1.445686166
9,TBI,Martens-07-HFD9-Pre-surgery,Pre,4.098939117,10,3.235653236,10.95256791,84.31565514,1.445686166
9,TBI,Martens-07-HFD9-Pre-surgery,Pre,4.098939117,4,1.794946704,0.435190765,84.31565514,1.445686166
9,TBI,Martens-07-HFD9-Pre-surgery,Pre,4.098939117,7,2.939262961,8.837081111,84.31565514,1.445686166
9,TBI,Martens-07-HFD9-Pre-surgery,Pre,4.098939117,2,22.67806126,0.475040258,84.31565514,1.445686166
9,TBI,Martens-07-HFD9-Pre-surgery,Pre,4.098939117,9,0,9.7959818,84.31565514,1.445686166
9,TBI,Martens-07-HFD9-Pre-surgery,Pre,4.098939117,8,1.142664613,8.271935775,84.31565514,1.445686166
9,TBI,Martens-31-HFD9-3,D3,2.424394396,3,12.81978929,1.55928819,84.31565514,1.445686166
9,TBI,Martens-31-HFD9-3,D3,2.424394396,6,1.014713343,7.056363265,84.31565514,1.445686166
9,TBI,Martens-31-HFD9-3,D3,2.424394396,5,0.870138381,2.949136959,84.31565514,1.445686166
9,TBI,Martens-31-HFD9-3,D3,2.424394396,10,3.235653236,10.95256791,84.31565514,1.445686166
9,TBI,Martens-31-HFD9-3,D3,2.424394396,4,1.794946704,0.435190765,84.31565514,1.445686166
9,TBI,Martens-31-HFD9-3,D3,2.424394396,7,2.939262961,8.837081111,84.31565514,1.445686166
9,TBI,Martens-31-HFD9-3,D3,2.424394396,2,22.67806126,0.475040258,84.31565514,1.445686166
9,TBI,Martens-31-HFD9-3,D3,2.424394396,9,0,9.7959818,84.31565514,1.445686166
9,TBI,Martens-31-HFD9-3,D3,2.424394396,8,1.142664613,8.271935775,84.31565514,1.445686166
9,TBI,Martens-55-HFD9-30,D30,4.681793759,3,12.81978929,1.55928819,84.31565514,1.445686166
9,TBI,Martens-55-HFD9-30,D30,4.681793759,6,1.014713343,7.056363265,84.31565514,1.445686166
9,TBI,Martens-55-HFD9-30,D30,4.681793759,5,0.870138381,2.949136959,84.31565514,1.445686166
9,TBI,Martens-55-HFD9-30,D30,4.681793759,10,3.235653236,10.95256791,84.31565514,1.445686166
9,TBI,Martens-55-HFD9-30,D30,4.681793759,4,1.794946704,0.435190765,84.31565514,1.445686166
9,TBI,Martens-55-HFD9-30,D30,4.681793759,7,2.939262961,8.837081111,84.31565514,1.445686166
9,TBI,Martens-55-HFD9-30,D30,4.681793759,2,22.67806126,0.475040258,84.31565514,1.445686166
9,TBI,Martens-55-HFD9-30,D30,4.681793759,9,0,9.7959818,84.31565514,1.445686166
9,TBI,Martens-55-HFD9-30,D30,4.681793759,8,1.142664613,8.271935775,84.31565514,1.445686166
9,TBI,Martens-79-HFD9-60,D60,4.594782736,3,12.81978929,1.55928819,84.31565514,1.445686166
9,TBI,Martens-79-HFD9-60,D60,4.594782736,6,1.014713343,7.056363265,84.31565514,1.445686166
9,TBI,Martens-79-HFD9-60,D60,4.594782736,5,0.870138381,2.949136959,84.31565514,1.445686166
9,TBI,Martens-79-HFD9-60,D60,4.594782736,10,3.235653236,10.95256791,84.31565514,1.445686166
9,TBI,Martens-79-HFD9-60,D60,4.594782736,4,1.794946704,0.435190765,84.31565514,1.445686166
9,TBI,Martens-79-HFD9-60,D60,4.594782736,7,2.939262961,8.837081111,84.31565514,1.445686166
9,TBI,Martens-79-HFD9-60,D60,4.594782736,2,22.67806126,0.475040258,84.31565514,1.445686166
9,TBI,Martens-79-HFD9-60,D60,4.594782736,9,0,9.7959818,84.31565514,1.445686166
9,TBI,Martens-79-HFD9-60,D60,4.594782736,8,1.142664613,8.271935775,84.31565514,1.445686166
10,TBI,Martens-08-HFD10-Pre-surgery,Pre,4.326836218,9,2.638771008,10.8321916,73.02335805,5.394354708
10,TBI,Martens-08-HFD10-Pre-surgery,Pre,4.326836218,10,6.849315068,14.6451487,73.02335805,5.394354708
10,TBI,Martens-08-HFD10-Pre-surgery,Pre,4.326836218,6,2.178260034,12.12407924,73.02335805,5.394354708
10,TBI,Martens-08-HFD10-Pre-surgery,Pre,4.326836218,2,25.8649302,8.728383789,73.02335805,5.394354708
10,TBI,Martens-08-HFD10-Pre-surgery,Pre,4.326836218,3,16.11130286,16.16579084,73.02335805,5.394354708
10,TBI,Martens-08-HFD10-Pre-surgery,Pre,4.326836218,8,2.914247,15.12207444,73.02335805,5.394354708
10,TBI,Martens-08-HFD10-Pre-surgery,Pre,4.326836218,5,0.977899754,22.46236665,73.02335805,5.394354708
10,TBI,Martens-08-HFD10-Pre-surgery,Pre,4.326836218,7,3.360879843,14.3789242,73.02335805,5.394354708
10,TBI,Martens-08-HFD10-Pre-surgery,Pre,4.326836218,4,4.549828937,23.30308101,73.02335805,5.394354708
10,TBI,Martens-32-HFD10-3,D3,4.364331943,9,2.638771008,10.8321916,73.02335805,5.394354708
10,TBI,Martens-32-HFD10-3,D3,4.364331943,10,6.849315068,14.6451487,73.02335805,5.394354708
10,TBI,Martens-32-HFD10-3,D3,4.364331943,6,2.178260034,12.12407924,73.02335805,5.394354708
10,TBI,Martens-32-HFD10-3,D3,4.364331943,2,25.8649302,8.728383789,73.02335805,5.394354708
10,TBI,Martens-32-HFD10-3,D3,4.364331943,3,16.11130286,16.16579084,73.02335805,5.394354708
10,TBI,Martens-32-HFD10-3,D3,4.364331943,8,2.914247,15.12207444,73.02335805,5.394354708
10,TBI,Martens-32-HFD10-3,D3,4.364331943,5,0.977899754,22.46236665,73.02335805,5.394354708
10,TBI,Martens-32-HFD10-3,D3,4.364331943,7,3.360879843,14.3789242,73.02335805,5.394354708
10,TBI,Martens-32-HFD10-3,D3,4.364331943,4,4.549828937,23.30308101,73.02335805,5.394354708
10,TBI,Martens-56-HFD10-30,D30,4.68722091,9,2.638771008,10.8321916,73.02335805,5.394354708
10,TBI,Martens-56-HFD10-30,D30,4.68722091,10,6.849315068,14.6451487,73.02335805,5.394354708
10,TBI,Martens-56-HFD10-30,D30,4.68722091,6,2.178260034,12.12407924,73.02335805,5.394354708
10,TBI,Martens-56-HFD10-30,D30,4.68722091,2,25.8649302,8.728383789,73.02335805,5.394354708
10,TBI,Martens-56-HFD10-30,D30,4.68722091,3,16.11130286,16.16579084,73.02335805,5.394354708
10,TBI,Martens-56-HFD10-30,D30,4.68722091,8,2.914247,15.12207444,73.02335805,5.394354708
10,TBI,Martens-56-HFD10-30,D30,4.68722091,5,0.977899754,22.46236665,73.02335805,5.394354708
10,TBI,Martens-56-HFD10-30,D30,4.68722091,7,3.360879843,14.3789242,73.02335805,5.394354708
10,TBI,Martens-56-HFD10-30,D30,4.68722091,4,4.549828937,23.30308101,73.02335805,5.394354708
10,TBI,Martens-80-HFD10-60,D60,4.168612943,9,2.638771008,10.8321916,73.02335805,5.394354708
10,TBI,Martens-80-HFD10-60,D60,4.168612943,10,6.849315068,14.6451487,73.02335805,5.394354708
10,TBI,Martens-80-HFD10-60,D60,4.168612943,6,2.178260034,12.12407924,73.02335805,5.394354708
10,TBI,Martens-80-HFD10-60,D60,4.168612943,2,25.8649302,8.728383789,73.02335805,5.394354708
10,TBI,Martens-80-HFD10-60,D60,4.168612943,3,16.11130286,16.16579084,73.02335805,5.394354708
10,TBI,Martens-80-HFD10-60,D60,4.168612943,8,2.914247,15.12207444,73.02335805,5.394354708
10,TBI,Martens-80-HFD10-60,D60,4.168612943,5,0.977899754,22.46236665,73.02335805,5.394354708
10,TBI,Martens-80-HFD10-60,D60,4.168612943,7,3.360879843,14.3789242,73.02335805,5.394354708
10,TBI,Martens-80-HFD10-60,D60,4.168612943,4,4.549828937,23.30308101,73.02335805,5.394354708
12,Sham,Martens-09-HFD12-Pre-surgery,Pre,4.403835784,5,59.71937792,10.88178059,52.51116311,6.266970886
12,Sham,Martens-09-HFD12-Pre-surgery,Pre,4.403835784,6,45.12052222,13.97551449,52.51116311,6.266970886
12,Sham,Martens-09-HFD12-Pre-surgery,Pre,4.403835784,9,31.67185511,15.35761373,52.51116311,6.266970886
12,Sham,Martens-09-HFD12-Pre-surgery,Pre,4.403835784,4,66.90558172,8.984220869,52.51116311,6.266970886
12,Sham,Martens-09-HFD12-Pre-surgery,Pre,4.403835784,3,57.08672926,8.742621655,52.51116311,6.266970886
12,Sham,Martens-09-HFD12-Pre-surgery,Pre,4.403835784,2,57.19698852,7.496366676,52.51116311,6.266970886
12,Sham,Martens-09-HFD12-Pre-surgery,Pre,4.403835784,7,34.00559617,11.6194501,52.51116311,6.266970886
12,Sham,Martens-09-HFD12-Pre-surgery,Pre,4.403835784,8,34.14599219,14.15400961,52.51116311,6.266970886
12,Sham,Martens-09-HFD12-Pre-surgery,Pre,4.403835784,10,39.63431786,11.48984947,52.51116311,6.266970886
12,Sham,Martens-33-HFD12-3,D3,3.964636091,5,59.71937792,10.88178059,52.51116311,6.266970886
12,Sham,Martens-33-HFD12-3,D3,3.964636091,6,45.12052222,13.97551449,52.51116311,6.266970886
12,Sham,Martens-33-HFD12-3,D3,3.964636091,9,31.67185511,15.35761373,52.51116311,6.266970886
12,Sham,Martens-33-HFD12-3,D3,3.964636091,4,66.90558172,8.984220869,52.51116311,6.266970886
12,Sham,Martens-33-HFD12-3,D3,3.964636091,3,57.08672926,8.742621655,52.51116311,6.266970886
12,Sham,Martens-33-HFD12-3,D3,3.964636091,2,57.19698852,7.496366676,52.51116311,6.266970886
12,Sham,Martens-33-HFD12-3,D3,3.964636091,7,34.00559617,11.6194501,52.51116311,6.266970886
12,Sham,Martens-33-HFD12-3,D3,3.964636091,8,34.14599219,14.15400961,52.51116311,6.266970886
12,Sham,Martens-33-HFD12-3,D3,3.964636091,10,39.63431786,11.48984947,52.51116311,6.266970886
12,Sham,Martens-57-HFD12-30,D30,4.554642708,5,59.71937792,10.88178059,52.51116311,6.266970886
12,Sham,Martens-57-HFD12-30,D30,4.554642708,6,45.12052222,13.97551449,52.51116311,6.266970886
12,Sham,Martens-57-HFD12-30,D30,4.554642708,9,31.67185511,15.35761373,52.51116311,6.266970886
12,Sham,Martens-57-HFD12-30,D30,4.554642708,4,66.90558172,8.984220869,52.51116311,6.266970886
12,Sham,Martens-57-HFD12-30,D30,4.554642708,3,57.08672926,8.742621655,52.51116311,6.266970886
12,Sham,Martens-57-HFD12-30,D30,4.554642708,2,57.19698852,7.496366676,52.51116311,6.266970886
12,Sham,Martens-57-HFD12-30,D30,4.554642708,7,34.00559617,11.6194501,52.51116311,6.266970886
12,Sham,Martens-57-HFD12-30,D30,4.554642708,8,34.14599219,14.15400961,52.51116311,6.266970886
12,Sham,Martens-57-HFD12-30,D30,4.554642708,10,39.63431786,11.48984947,52.51116311,6.266970886
12,Sham,Martens-81-HFD12-60,D60,4.554181263,5,59.71937792,10.88178059,52.51116311,6.266970886
12,Sham,Martens-81-HFD12-60,D60,4.554181263,6,45.12052222,13.97551449,52.51116311,6.266970886
12,Sham,Martens-81-HFD12-60,D60,4.554181263,9,31.67185511,15.35761373,52.51116311,6.266970886
12,Sham,Martens-81-HFD12-60,D60,4.554181263,4,66.90558172,8.984220869,52.51116311,6.266970886
12,Sham,Martens-81-HFD12-60,D60,4.554181263,3,57.08672926,8.742621655,52.51116311,6.266970886
12,Sham,Martens-81-HFD12-60,D60,4.554181263,2,57.19698852,7.496366676,52.51116311,6.266970886
12,Sham,Martens-81-HFD12-60,D60,4.554181263,7,34.00559617,11.6194501,52.51116311,6.266970886
12,Sham,Martens-81-HFD12-60,D60,4.554181263,8,34.14599219,14.15400961,52.51116311,6.266970886
12,Sham,Martens-81-HFD12-60,D60,4.554181263,10,39.63431786,11.48984947,52.51116311,6.266970886
13,Sham,Martens-10-HFD13-Pre-surgery,Pre,4.044283285,8,71.35799421,13.93966443,79.46444295,4.916955773
13,Sham,Martens-10-HFD13-Pre-surgery,Pre,4.044283285,5,80.95838879,9.239989637,79.46444295,4.916955773
13,Sham,Martens-10-HFD13-Pre-surgery,Pre,4.044283285,6,67.28241222,12.24124809,79.46444295,4.916955773
13,Sham,Martens-10-HFD13-Pre-surgery,Pre,4.044283285,7,61.23140815,14.36980579,79.46444295,4.916955773
13,Sham,Martens-10-HFD13-Pre-surgery,Pre,4.044283285,10,69.18843909,14.35767779,79.46444295,4.916955773
13,Sham,Martens-10-HFD13-Pre-surgery,Pre,4.044283285,4,83.20069361,6.436151222,79.46444295,4.916955773
13,Sham,Martens-10-HFD13-Pre-surgery,Pre,4.044283285,9,68.62687085,14.39359519,79.46444295,4.916955773
13,Sham,Martens-10-HFD13-Pre-surgery,Pre,4.044283285,3,83.21551313,3.671816814,79.46444295,4.916955773
13,Sham,Martens-10-HFD13-Pre-surgery,Pre,4.044283285,2,88.76143788,2.54205475,79.46444295,4.916955773
13,Sham,Martens-34-HFD13-3,D3,3.954140377,8,71.35799421,13.93966443,79.46444295,4.916955773
13,Sham,Martens-34-HFD13-3,D3,3.954140377,5,80.95838879,9.239989637,79.46444295,4.916955773
13,Sham,Martens-34-HFD13-3,D3,3.954140377,6,67.28241222,12.24124809,79.46444295,4.916955773
13,Sham,Martens-34-HFD13-3,D3,3.954140377,7,61.23140815,14.36980579,79.46444295,4.916955773
13,Sham,Martens-34-HFD13-3,D3,3.954140377,10,69.18843909,14.35767779,79.46444295,4.916955773
13,Sham,Martens-34-HFD13-3,D3,3.954140377,4,83.20069361,6.436151222,79.46444295,4.916955773
13,Sham,Martens-34-HFD13-3,D3,3.954140377,9,68.62687085,14.39359519,79.46444295,4.916955773
13,Sham,Martens-34-HFD13-3,D3,3.954140377,3,83.21551313,3.671816814,79.46444295,4.916955773
13,Sham,Martens-34-HFD13-3,D3,3.954140377,2,88.76143788,2.54205475,79.46444295,4.916955773
13,Sham,Martens-58-HFD13-30,D30,4.503939869,8,71.35799421,13.93966443,79.46444295,4.916955773
13,Sham,Martens-58-HFD13-30,D30,4.503939869,5,80.95838879,9.239989637,79.46444295,4.916955773
13,Sham,Martens-58-HFD13-30,D30,4.503939869,6,67.28241222,12.24124809,79.46444295,4.916955773
13,Sham,Martens-58-HFD13-30,D30,4.503939869,7,61.23140815,14.36980579,79.46444295,4.916955773
13,Sham,Martens-58-HFD13-30,D30,4.503939869,10,69.18843909,14.35767779,79.46444295,4.916955773
13,Sham,Martens-58-HFD13-30,D30,4.503939869,4,83.20069361,6.436151222,79.46444295,4.916955773
13,Sham,Martens-58-HFD13-30,D30,4.503939869,9,68.62687085,14.39359519,79.46444295,4.916955773
13,Sham,Martens-58-HFD13-30,D30,4.503939869,3,83.21551313,3.671816814,79.46444295,4.916955773
13,Sham,Martens-58-HFD13-30,D30,4.503939869,2,88.76143788,2.54205475,79.46444295,4.916955773
13,Sham,Martens-82-HFD13-60,D60,4.31196582,8,71.35799421,13.93966443,79.46444295,4.916955773
13,Sham,Martens-82-HFD13-60,D60,4.31196582,5,80.95838879,9.239989637,79.46444295,4.916955773
13,Sham,Martens-82-HFD13-60,D60,4.31196582,6,67.28241222,12.24124809,79.46444295,4.916955773
13,Sham,Martens-82-HFD13-60,D60,4.31196582,7,61.23140815,14.36980579,79.46444295,4.916955773
13,Sham,Martens-82-HFD13-60,D60,4.31196582,10,69.18843909,14.35767779,79.46444295,4.916955773
13,Sham,Martens-82-HFD13-60,D60,4.31196582,4,83.20069361,6.436151222,79.46444295,4.916955773
13,Sham,Martens-82-HFD13-60,D60,4.31196582,9,68.62687085,14.39359519,79.46444295,4.916955773
13,Sham,Martens-82-HFD13-60,D60,4.31196582,3,83.21551313,3.671816814,79.46444295,4.916955773
13,Sham,Martens-82-HFD13-60,D60,4.31196582,2,88.76143788,2.54205475,79.46444295,4.916955773
16,TBI,Martens-11-HFD16-Pre-surgery,Pre,4.193181033,2,44.44444444,6.25,68.74424861,5.816450361
16,TBI,Martens-11-HFD16-Pre-surgery,Pre,4.193181033,4,83.25250682,9.193762473,68.74424861,5.816450361
16,TBI,Martens-11-HFD16-Pre-surgery,Pre,4.193181033,7,91.68538726,2.964787022,68.74424861,5.816450361
16,TBI,Martens-11-HFD16-Pre-surgery,Pre,4.193181033,3,54.90230885,5.593260004,68.74424861,5.816450361
16,TBI,Martens-11-HFD16-Pre-surgery,Pre,4.193181033,10,82.05981439,2.504865871,68.74424861,5.816450361
16,TBI,Martens-11-HFD16-Pre-surgery,Pre,4.193181033,8,92.29189599,1.717519409,68.74424861,5.816450361
16,TBI,Martens-11-HFD16-Pre-surgery,Pre,4.193181033,9,92.15228325,1.427794994,68.74424861,5.816450361
16,TBI,Martens-11-HFD16-Pre-surgery,Pre,4.193181033,5,87.904783,2.520560389,68.74424861,5.816450361
16,TBI,Martens-11-HFD16-Pre-surgery,Pre,4.193181033,6,89.25484341,2.678936728,68.74424861,5.816450361
16,TBI,Martens-35-HFD16-3,D3,4.07846184,2,44.44444444,6.25,68.74424861,5.816450361
16,TBI,Martens-35-HFD16-3,D3,4.07846184,4,83.25250682,9.193762473,68.74424861,5.816450361
16,TBI,Martens-35-HFD16-3,D3,4.07846184,7,91.68538726,2.964787022,68.74424861,5.816450361
16,TBI,Martens-35-HFD16-3,D3,4.07846184,3,54.90230885,5.593260004,68.74424861,5.816450361
16,TBI,Martens-35-HFD16-3,D3,4.07846184,10,82.05981439,2.504865871,68.74424861,5.816450361
16,TBI,Martens-35-HFD16-3,D3,4.07846184,8,92.29189599,1.717519409,68.74424861,5.816450361
16,TBI,Martens-35-HFD16-3,D3,4.07846184,9,92.15228325,1.427794994,68.74424861,5.816450361
16,TBI,Martens-35-HFD16-3,D3,4.07846184,5,87.904783,2.520560389,68.74424861,5.816450361
16,TBI,Martens-35-HFD16-3,D3,4.07846184,6,89.25484341,2.678936728,68.74424861,5.816450361
16,TBI,Martens-59-HFD16-30,D30,4.105857987,2,44.44444444,6.25,68.74424861,5.816450361
16,TBI,Martens-59-HFD16-30,D30,4.105857987,4,83.25250682,9.193762473,68.74424861,5.816450361
16,TBI,Martens-59-HFD16-30,D30,4.105857987,7,91.68538726,2.964787022,68.74424861,5.816450361
16,TBI,Martens-59-HFD16-30,D30,4.105857987,3,54.90230885,5.593260004,68.74424861,5.816450361
16,TBI,Martens-59-HFD16-30,D30,4.105857987,10,82.05981439,2.504865871,68.74424861,5.816450361
16,TBI,Martens-59-HFD16-30,D30,4.105857987,8,92.29189599,1.717519409,68.74424861,5.816450361
16,TBI,Martens-59-HFD16-30,D30,4.105857987,9,92.15228325,1.427794994,68.74424861,5.816450361
16,TBI,Martens-59-HFD16-30,D30,4.105857987,5,87.904783,2.520560389,68.74424861,5.816450361
16,TBI,Martens-59-HFD16-30,D30,4.105857987,6,89.25484341,2.678936728,68.74424861,5.816450361
16,TBI,Martens-83-HFD16-60,D60,3.745344259,2,44.44444444,6.25,68.74424861,5.816450361
16,TBI,Martens-83-HFD16-60,D60,3.745344259,4,83.25250682,9.193762473,68.74424861,5.816450361
16,TBI,Martens-83-HFD16-60,D60,3.745344259,7,91.68538726,2.964787022,68.74424861,5.816450361
16,TBI,Martens-83-HFD16-60,D60,3.745344259,3,54.90230885,5.593260004,68.74424861,5.816450361
16,TBI,Martens-83-HFD16-60,D60,3.745344259,10,82.05981439,2.504865871,68.74424861,5.816450361
16,TBI,Martens-83-HFD16-60,D60,3.745344259,8,92.29189599,1.717519409,68.74424861,5.816450361
16,TBI,Martens-83-HFD16-60,D60,3.745344259,9,92.15228325,1.427794994,68.74424861,5.816450361
16,TBI,Martens-83-HFD16-60,D60,3.745344259,5,87.904783,2.520560389,68.74424861,5.816450361
16,TBI,Martens-83-HFD16-60,D60,3.745344259,6,89.25484341,2.678936728,68.74424861,5.816450361
20,Sham,Martens-12-HFD20-Pre-surgery,Pre,4.233984196,4,88.40340022,3.168251635,83.09095585,6.083083237
20,Sham,Martens-12-HFD20-Pre-surgery,Pre,4.233984196,2,77.27906324,5.000026143,83.09095585,6.083083237
20,Sham,Martens-12-HFD20-Pre-surgery,Pre,4.233984196,5,92.86544996,3.680960669,83.09095585,6.083083237
20,Sham,Martens-12-HFD20-Pre-surgery,Pre,4.233984196,6,85.72880117,3.811112921,83.09095585,6.083083237
20,Sham,Martens-12-HFD20-Pre-surgery,Pre,4.233984196,7,91.81526538,3.909620759,83.09095585,6.083083237
20,Sham,Martens-12-HFD20-Pre-surgery,Pre,4.233984196,3,75.10107271,5.175633063,83.09095585,6.083083237
20,Sham,Martens-12-HFD20-Pre-surgery,Pre,4.233984196,10,87.47353333,2.311969325,83.09095585,6.083083237
20,Sham,Martens-12-HFD20-Pre-surgery,Pre,4.233984196,8,83.90801567,3.127652697,83.09095585,6.083083237
20,Sham,Martens-12-HFD20-Pre-surgery,Pre,4.233984196,9,83.29542714,2.718670438,83.09095585,6.083083237
20,Sham,Martens-36-HFD20-3,D3,4.206703308,4,88.40340022,3.168251635,83.09095585,6.083083237
20,Sham,Martens-36-HFD20-3,D3,4.206703308,2,77.27906324,5.000026143,83.09095585,6.083083237
20,Sham,Martens-36-HFD20-3,D3,4.206703308,5,92.86544996,3.680960669,83.09095585,6.083083237
20,Sham,Martens-36-HFD20-3,D3,4.206703308,6,85.72880117,3.811112921,83.09095585,6.083083237
20,Sham,Martens-36-HFD20-3,D3,4.206703308,7,91.81526538,3.909620759,83.09095585,6.083083237
20,Sham,Martens-36-HFD20-3,D3,4.206703308,3,75.10107271,5.175633063,83.09095585,6.083083237
20,Sham,Martens-36-HFD20-3,D3,4.206703308,10,87.47353333,2.311969325,83.09095585,6.083083237
20,Sham,Martens-36-HFD20-3,D3,4.206703308,8,83.90801567,3.127652697,83.09095585,6.083083237
20,Sham,Martens-36-HFD20-3,D3,4.206703308,9,83.29542714,2.718670438,83.09095585,6.083083237
20,Sham,Martens-60-HFD20-30,D30,4.464374534,4,88.40340022,3.168251635,83.09095585,6.083083237
20,Sham,Martens-60-HFD20-30,D30,4.464374534,2,77.27906324,5.000026143,83.09095585,6.083083237
20,Sham,Martens-60-HFD20-30,D30,4.464374534,5,92.86544996,3.680960669,83.09095585,6.083083237
20,Sham,Martens-60-HFD20-30,D30,4.464374534,6,85.72880117,3.811112921,83.09095585,6.083083237
20,Sham,Martens-60-HFD20-30,D30,4.464374534,7,91.81526538,3.909620759,83.09095585,6.083083237
20,Sham,Martens-60-HFD20-30,D30,4.464374534,3,75.10107271,5.175633063,83.09095585,6.083083237
20,Sham,Martens-60-HFD20-30,D30,4.464374534,10,87.47353333,2.311969325,83.09095585,6.083083237
20,Sham,Martens-60-HFD20-30,D30,4.464374534,8,83.90801567,3.127652697,83.09095585,6.083083237
20,Sham,Martens-60-HFD20-30,D30,4.464374534,9,83.29542714,2.718670438,83.09095585,6.083083237
20,Sham,Martens-84-HFD20-60,D60,4.293413254,4,88.40340022,3.168251635,83.09095585,6.083083237
20,Sham,Martens-84-HFD20-60,D60,4.293413254,2,77.27906324,5.000026143,83.09095585,6.083083237
20,Sham,Martens-84-HFD20-60,D60,4.293413254,5,92.86544996,3.680960669,83.09095585,6.083083237
20,Sham,Martens-84-HFD20-60,D60,4.293413254,6,85.72880117,3.811112921,83.09095585,6.083083237
20,Sham,Martens-84-HFD20-60,D60,4.293413254,7,91.81526538,3.909620759,83.09095585,6.083083237
20,Sham,Martens-84-HFD20-60,D60,4.293413254,3,75.10107271,5.175633063,83.09095585,6.083083237
20,Sham,Martens-84-HFD20-60,D60,4.293413254,10,87.47353333,2.311969325,83.09095585,6.083083237
20,Sham,Martens-84-HFD20-60,D60,4.293413254,8,83.90801567,3.127652697,83.09095585,6.083083237
20,Sham,Martens-84-HFD20-60,D60,4.293413254,9,83.29542714,2.718670438,83.09095585,6.083083237
21,Sham,Martens-13-HFD21-Pre-surgery,Pre,4.513789703,2,34.7042809,10.70232971,27.65052999,10.2611746
21,Sham,Martens-13-HFD21-Pre-surgery,Pre,4.513789703,3,45.42967416,5.840672301,27.65052999,10.2611746
21,Sham,Martens-13-HFD21-Pre-surgery,Pre,4.513789703,7,57.04052288,9.557233131,27.65052999,10.2611746
21,Sham,Martens-13-HFD21-Pre-surgery,Pre,4.513789703,8,61.03164441,12.20683792,27.65052999,10.2611746
21,Sham,Martens-13-HFD21-Pre-surgery,Pre,4.513789703,5,47.41991426,12.64019237,27.65052999,10.2611746
21,Sham,Martens-13-HFD21-Pre-surgery,Pre,4.513789703,6,53.53175507,12.97277944,27.65052999,10.2611746
21,Sham,Martens-13-HFD21-Pre-surgery,Pre,4.513789703,10,71.14969764,9.174212321,27.65052999,10.2611746
21,Sham,Martens-13-HFD21-Pre-surgery,Pre,4.513789703,4,44.30653978,9.151025021,27.65052999,10.2611746
21,Sham,Martens-13-HFD21-Pre-surgery,Pre,4.513789703,9,69.09808297,10.23496402,27.65052999,10.2611746
21,Sham,Martens-37-HFD21-3,D3,3.897641693,2,34.7042809,10.70232971,27.65052999,10.2611746
21,Sham,Martens-37-HFD21-3,D3,3.897641693,3,45.42967416,5.840672301,27.65052999,10.2611746
21,Sham,Martens-37-HFD21-3,D3,3.897641693,7,57.04052288,9.557233131,27.65052999,10.2611746
21,Sham,Martens-37-HFD21-3,D3,3.897641693,8,61.03164441,12.20683792,27.65052999,10.2611746
21,Sham,Martens-37-HFD21-3,D3,3.897641693,5,47.41991426,12.64019237,27.65052999,10.2611746
21,Sham,Martens-37-HFD21-3,D3,3.897641693,6,53.53175507,12.97277944,27.65052999,10.2611746
21,Sham,Martens-37-HFD21-3,D3,3.897641693,10,71.14969764,9.174212321,27.65052999,10.2611746
21,Sham,Martens-37-HFD21-3,D3,3.897641693,4,44.30653978,9.151025021,27.65052999,10.2611746
21,Sham,Martens-37-HFD21-3,D3,3.897641693,9,69.09808297,10.23496402,27.65052999,10.2611746
21,Sham,Martens-61-HFD21-30,D30,4.141641711,2,34.7042809,10.70232971,27.65052999,10.2611746
21,Sham,Martens-61-HFD21-30,D30,4.141641711,3,45.42967416,5.840672301,27.65052999,10.2611746
21,Sham,Martens-61-HFD21-30,D30,4.141641711,7,57.04052288,9.557233131,27.65052999,10.2611746
21,Sham,Martens-61-HFD21-30,D30,4.141641711,8,61.03164441,12.20683792,27.65052999,10.2611746
21,Sham,Martens-61-HFD21-30,D30,4.141641711,5,47.41991426,12.64019237,27.65052999,10.2611746
21,Sham,Martens-61-HFD21-30,D30,4.141641711,6,53.53175507,12.97277944,27.65052999,10.2611746
21,Sham,Martens-61-HFD21-30,D30,4.141641711,10,71.14969764,9.174212321,27.65052999,10.2611746
21,Sham,Martens-61-HFD21-30,D30,4.141641711,4,44.30653978,9.151025021,27.65052999,10.2611746
21,Sham,Martens-61-HFD21-30,D30,4.141641711,9,69.09808297,10.23496402,27.65052999,10.2611746
21,Sham,Martens-85-HFD21-60,D60,4.180743377,2,34.7042809,10.70232971,27.65052999,10.2611746
21,Sham,Martens-85-HFD21-60,D60,4.180743377,3,45.42967416,5.840672301,27.65052999,10.2611746
21,Sham,Martens-85-HFD21-60,D60,4.180743377,7,57.04052288,9.557233131,27.65052999,10.2611746
21,Sham,Martens-85-HFD21-60,D60,4.180743377,8,61.03164441,12.20683792,27.65052999,10.2611746
21,Sham,Martens-85-HFD21-60,D60,4.180743377,5,47.41991426,12.64019237,27.65052999,10.2611746
21,Sham,Martens-85-HFD21-60,D60,4.180743377,6,53.53175507,12.97277944,27.65052999,10.2611746
21,Sham,Martens-85-HFD21-60,D60,4.180743377,10,71.14969764,9.174212321,27.65052999,10.2611746
21,Sham,Martens-85-HFD21-60,D60,4.180743377,4,44.30653978,9.151025021,27.65052999,10.2611746
21,Sham,Martens-85-HFD21-60,D60,4.180743377,9,69.09808297,10.23496402,27.65052999,10.2611746
22,TBI,Martens-14-HFD22-Pre-surgery,Pre,4.44805559,6,58.00545172,19.12238862,96.71956487,7.275226229
22,TBI,Martens-14-HFD22-Pre-surgery,Pre,4.44805559,7,50.06574934,15.87335471,96.71956487,7.275226229
22,TBI,Martens-14-HFD22-Pre-surgery,Pre,4.44805559,4,98.21759259,15.79816534,96.71956487,7.275226229
22,TBI,Martens-14-HFD22-Pre-surgery,Pre,4.44805559,10,53.98558841,9.889646152,96.71956487,7.275226229
22,TBI,Martens-14-HFD22-Pre-surgery,Pre,4.44805559,5,94.1648341,16.40487657,96.71956487,7.275226229
22,TBI,Martens-14-HFD22-Pre-surgery,Pre,4.44805559,9,50.78158149,15.79917341,96.71956487,7.275226229
22,TBI,Martens-14-HFD22-Pre-surgery,Pre,4.44805559,3,71.08974359,5.639751553,96.71956487,7.275226229
22,TBI,Martens-14-HFD22-Pre-surgery,Pre,4.44805559,8,50.85895508,17.58032194,96.71956487,7.275226229
22,TBI,Martens-38-HFD22-3,D3,4.309656949,6,58.00545172,19.12238862,96.71956487,7.275226229
22,TBI,Martens-38-HFD22-3,D3,4.309656949,7,50.06574934,15.87335471,96.71956487,7.275226229
22,TBI,Martens-38-HFD22-3,D3,4.309656949,4,98.21759259,15.79816534,96.71956487,7.275226229
22,TBI,Martens-38-HFD22-3,D3,4.309656949,10,53.98558841,9.889646152,96.71956487,7.275226229
22,TBI,Martens-38-HFD22-3,D3,4.309656949,5,94.1648341,16.40487657,96.71956487,7.275226229
22,TBI,Martens-38-HFD22-3,D3,4.309656949,9,50.78158149,15.79917341,96.71956487,7.275226229
22,TBI,Martens-38-HFD22-3,D3,4.309656949,3,71.08974359,5.639751553,96.71956487,7.275226229
22,TBI,Martens-38-HFD22-3,D3,4.309656949,8,50.85895508,17.58032194,96.71956487,7.275226229
22,TBI,Martens-62-HFD22-30,D30,3.925002594,6,58.00545172,19.12238862,96.71956487,7.275226229
22,TBI,Martens-62-HFD22-30,D30,3.925002594,7,50.06574934,15.87335471,96.71956487,7.275226229
22,TBI,Martens-62-HFD22-30,D30,3.925002594,4,98.21759259,15.79816534,96.71956487,7.275226229
22,TBI,Martens-62-HFD22-30,D30,3.925002594,10,53.98558841,9.889646152,96.71956487,7.275226229
22,TBI,Martens-62-HFD22-30,D30,3.925002594,5,94.1648341,16.40487657,96.71956487,7.275226229
22,TBI,Martens-62-HFD22-30,D30,3.925002594,9,50.78158149,15.79917341,96.71956487,7.275226229
22,TBI,Martens-62-HFD22-30,D30,3.925002594,3,71.08974359,5.639751553,96.71956487,7.275226229
22,TBI,Martens-62-HFD22-30,D30,3.925002594,8,50.85895508,17.58032194,96.71956487,7.275226229
22,TBI,Martens-86-HFD22-60,D60,4.235962811,6,58.00545172,19.12238862,96.71956487,7.275226229
22,TBI,Martens-86-HFD22-60,D60,4.235962811,7,50.06574934,15.87335471,96.71956487,7.275226229
22,TBI,Martens-86-HFD22-60,D60,4.235962811,4,98.21759259,15.79816534,96.71956487,7.275226229
22,TBI,Martens-86-HFD22-60,D60,4.235962811,10,53.98558841,9.889646152,96.71956487,7.275226229
22,TBI,Martens-86-HFD22-60,D60,4.235962811,5,94.1648341,16.40487657,96.71956487,7.275226229
22,TBI,Martens-86-HFD22-60,D60,4.235962811,9,50.78158149,15.79917341,96.71956487,7.275226229
22,TBI,Martens-86-HFD22-60,D60,4.235962811,3,71.08974359,5.639751553,96.71956487,7.275226229
22,TBI,Martens-86-HFD22-60,D60,4.235962811,8,50.85895508,17.58032194,96.71956487,7.275226229
23,Sham,Martens-15-HFD23-Pre-surgery,Pre,4.179199198,3,80.37460418,7.619924522,71.65122199,11.77372742
23,Sham,Martens-15-HFD23-Pre-surgery,Pre,4.179199198,2,86.2941488,5.5352462,71.65122199,11.77372742
23,Sham,Martens-15-HFD23-Pre-surgery,Pre,4.179199198,4,74.67326578,7.839306332,71.65122199,11.77372742
23,Sham,Martens-15-HFD23-Pre-surgery,Pre,4.179199198,5,73.85833384,8.056424442,71.65122199,11.77372742
23,Sham,Martens-15-HFD23-Pre-surgery,Pre,4.179199198,10,68.7518457,5.923263989,71.65122199,11.77372742
23,Sham,Martens-15-HFD23-Pre-surgery,Pre,4.179199198,8,65.62594291,3.315172011,71.65122199,11.77372742
23,Sham,Martens-15-HFD23-Pre-surgery,Pre,4.179199198,9,67.34718985,4.988363839,71.65122199,11.77372742
23,Sham,Martens-15-HFD23-Pre-surgery,Pre,4.179199198,6,77.27112394,6.089437303,71.65122199,11.77372742
23,Sham,Martens-15-HFD23-Pre-surgery,Pre,4.179199198,7,75.0298758,6.436480147,71.65122199,11.77372742
23,Sham,Martens-39-HFD23-3,D3,4.175825775,3,80.37460418,7.619924522,71.65122199,11.77372742
23,Sham,Martens-39-HFD23-3,D3,4.175825775,2,86.2941488,5.5352462,71.65122199,11.77372742
23,Sham,Martens-39-HFD23-3,D3,4.175825775,4,74.67326578,7.839306332,71.65122199,11.77372742
23,Sham,Martens-39-HFD23-3,D3,4.175825775,5,73.85833384,8.056424442,71.65122199,11.77372742
23,Sham,Martens-39-HFD23-3,D3,4.175825775,10,68.7518457,5.923263989,71.65122199,11.77372742
23,Sham,Martens-39-HFD23-3,D3,4.175825775,8,65.62594291,3.315172011,71.65122199,11.77372742
23,Sham,Martens-39-HFD23-3,D3,4.175825775,9,67.34718985,4.988363839,71.65122199,11.77372742
23,Sham,Martens-39-HFD23-3,D3,4.175825775,6,77.27112394,6.089437303,71.65122199,11.77372742
23,Sham,Martens-39-HFD23-3,D3,4.175825775,7,75.0298758,6.436480147,71.65122199,11.77372742
23,Sham,Martens-63-HFD23-30,D30,3.940459364,3,80.37460418,7.619924522,71.65122199,11.77372742
23,Sham,Martens-63-HFD23-30,D30,3.940459364,2,86.2941488,5.5352462,71.65122199,11.77372742
23,Sham,Martens-63-HFD23-30,D30,3.940459364,4,74.67326578,7.839306332,71.65122199,11.77372742
23,Sham,Martens-63-HFD23-30,D30,3.940459364,5,73.85833384,8.056424442,71.65122199,11.77372742
23,Sham,Martens-63-HFD23-30,D30,3.940459364,10,68.7518457,5.923263989,71.65122199,11.77372742
23,Sham,Martens-63-HFD23-30,D30,3.940459364,8,65.62594291,3.315172011,71.65122199,11.77372742
23,Sham,Martens-63-HFD23-30,D30,3.940459364,9,67.34718985,4.988363839,71.65122199,11.77372742
23,Sham,Martens-63-HFD23-30,D30,3.940459364,6,77.27112394,6.089437303,71.65122199,11.77372742
23,Sham,Martens-63-HFD23-30,D30,3.940459364,7,75.0298758,6.436480147,71.65122199,11.77372742
23,Sham,Martens-87-HFD23-60,D60,4.173214311,3,80.37460418,7.619924522,71.65122199,11.77372742
23,Sham,Martens-87-HFD23-60,D60,4.173214311,2,86.2941488,5.5352462,71.65122199,11.77372742
23,Sham,Martens-87-HFD23-60,D60,4.173214311,4,74.67326578,7.839306332,71.65122199,11.77372742
23,Sham,Martens-87-HFD23-60,D60,4.173214311,5,73.85833384,8.056424442,71.65122199,11.77372742
23,Sham,Martens-87-HFD23-60,D60,4.173214311,10,68.7518457,5.923263989,71.65122199,11.77372742
23,Sham,Martens-87-HFD23-60,D60,4.173214311,8,65.62594291,3.315172011,71.65122199,11.77372742
23,Sham,Martens-87-HFD23-60,D60,4.173214311,9,67.34718985,4.988363839,71.65122199,11.77372742
23,Sham,Martens-87-HFD23-60,D60,4.173214311,6,77.27112394,6.089437303,71.65122199,11.77372742
23,Sham,Martens-87-HFD23-60,D60,4.173214311,7,75.0298758,6.436480147,71.65122199,11.77372742
26,TBI,Martens-16-HFD26-Pre-surgery,Pre,4.382490926,2,9.090909091,0.284900285,87.60549964,4.875200608
26,TBI,Martens-16-HFD26-Pre-surgery,Pre,4.382490926,5,37.84854154,26.59578528,87.60549964,4.875200608
26,TBI,Martens-16-HFD26-Pre-surgery,Pre,4.382490926,6,17.28598251,30.45706471,87.60549964,4.875200608
26,TBI,Martens-16-HFD26-Pre-surgery,Pre,4.382490926,7,12.91033264,27.62834048,87.60549964,4.875200608
26,TBI,Martens-16-HFD26-Pre-surgery,Pre,4.382490926,8,5.679608825,15.98590705,87.60549964,4.875200608
26,TBI,Martens-16-HFD26-Pre-surgery,Pre,4.382490926,9,12.63230823,13.23321561,87.60549964,4.875200608
26,TBI,Martens-16-HFD26-Pre-surgery,Pre,4.382490926,10,7.018602313,11.11080796,87.60549964,4.875200608
26,TBI,Martens-16-HFD26-Pre-surgery,Pre,4.382490926,3,52.88901602,14.789402,87.60549964,4.875200608
26,TBI,Martens-16-HFD26-Pre-surgery,Pre,4.382490926,4,50.38691793,28.36025901,87.60549964,4.875200608
26,TBI,Martens-40-HFD26-3,D3,3.697787575,2,9.090909091,0.284900285,87.60549964,4.875200608
26,TBI,Martens-40-HFD26-3,D3,3.697787575,5,37.84854154,26.59578528,87.60549964,4.875200608
26,TBI,Martens-40-HFD26-3,D3,3.697787575,6,17.28598251,30.45706471,87.60549964,4.875200608
26,TBI,Martens-40-HFD26-3,D3,3.697787575,7,12.91033264,27.62834048,87.60549964,4.875200608
26,TBI,Martens-40-HFD26-3,D3,3.697787575,8,5.679608825,15.98590705,87.60549964,4.875200608
26,TBI,Martens-40-HFD26-3,D3,3.697787575,9,12.63230823,13.23321561,87.60549964,4.875200608
26,TBI,Martens-40-HFD26-3,D3,3.697787575,10,7.018602313,11.11080796,87.60549964,4.875200608
26,TBI,Martens-40-HFD26-3,D3,3.697787575,3,52.88901602,14.789402,87.60549964,4.875200608
26,TBI,Martens-40-HFD26-3,D3,3.697787575,4,50.38691793,28.36025901,87.60549964,4.875200608
26,TBI,Martens-64-HFD26-30,D30,4.413474434,2,9.090909091,0.284900285,87.60549964,4.875200608
26,TBI,Martens-64-HFD26-30,D30,4.413474434,5,37.84854154,26.59578528,87.60549964,4.875200608
26,TBI,Martens-64-HFD26-30,D30,4.413474434,6,17.28598251,30.45706471,87.60549964,4.875200608
26,TBI,Martens-64-HFD26-30,D30,4.413474434,7,12.91033264,27.62834048,87.60549964,4.875200608
26,TBI,Martens-64-HFD26-30,D30,4.413474434,8,5.679608825,15.98590705,87.60549964,4.875200608
26,TBI,Martens-64-HFD26-30,D30,4.413474434,9,12.63230823,13.23321561,87.60549964,4.875200608
26,TBI,Martens-64-HFD26-30,D30,4.413474434,10,7.018602313,11.11080796,87.60549964,4.875200608
26,TBI,Martens-64-HFD26-30,D30,4.413474434,3,52.88901602,14.789402,87.60549964,4.875200608
26,TBI,Martens-64-HFD26-30,D30,4.413474434,4,50.38691793,28.36025901,87.60549964,4.875200608
26,TBI,Martens-88-HFD26-60,D60,4.397152115,2,9.090909091,0.284900285,87.60549964,4.875200608
26,TBI,Martens-88-HFD26-60,D60,4.397152115,5,37.84854154,26.59578528,87.60549964,4.875200608
26,TBI,Martens-88-HFD26-60,D60,4.397152115,6,17.28598251,30.45706471,87.60549964,4.875200608
26,TBI,Martens-88-HFD26-60,D60,4.397152115,7,12.91033264,27.62834048,87.60549964,4.875200608
26,TBI,Martens-88-HFD26-60,D60,4.397152115,8,5.679608825,15.98590705,87.60549964,4.875200608
26,TBI,Martens-88-HFD26-60,D60,4.397152115,9,12.63230823,13.23321561,87.60549964,4.875200608
26,TBI,Martens-88-HFD26-60,D60,4.397152115,10,7.018602313,11.11080796,87.60549964,4.875200608
26,TBI,Martens-88-HFD26-60,D60,4.397152115,3,52.88901602,14.789402,87.60549964,4.875200608
26,TBI,Martens-88-HFD26-60,D60,4.397152115,4,50.38691793,28.36025901,87.60549964,4.875200608
27,TBI,Martens-17-HFD27-Pre-surgery,Pre,4.277617352,2,14.49302286,3.120315711,48.6116303,2.429282715
27,TBI,Martens-17-HFD27-Pre-surgery,Pre,4.277617352,3,3.889636787,13.12600953,48.6116303,2.429282715
27,TBI,Martens-17-HFD27-Pre-surgery,Pre,4.277617352,4,2.710502283,16.65060462,48.6116303,2.429282715
27,TBI,Martens-17-HFD27-Pre-surgery,Pre,4.277617352,5,4.382420721,15.98749345,48.6116303,2.429282715
27,TBI,Martens-17-HFD27-Pre-surgery,Pre,4.277617352,6,4.65186952,14.77287007,48.6116303,2.429282715
27,TBI,Martens-17-HFD27-Pre-surgery,Pre,4.277617352,7,5.661148222,4.807107436,48.6116303,2.429282715
27,TBI,Martens-17-HFD27-Pre-surgery,Pre,4.277617352,8,4.085301382,3.816687169,48.6116303,2.429282715
27,TBI,Martens-17-HFD27-Pre-surgery,Pre,4.277617352,9,13.72475616,1.700001562,48.6116303,2.429282715
27,TBI,Martens-17-HFD27-Pre-surgery,Pre,4.277617352,10,6.538249382,1.766658227,48.6116303,2.429282715
27,TBI,Martens-41-HFD27-3,D3,3.912343587,2,14.49302286,3.120315711,48.6116303,2.429282715
27,TBI,Martens-41-HFD27-3,D3,3.912343587,3,3.889636787,13.12600953,48.6116303,2.429282715
27,TBI,Martens-41-HFD27-3,D3,3.912343587,4,2.710502283,16.65060462,48.6116303,2.429282715
27,TBI,Martens-41-HFD27-3,D3,3.912343587,5,4.382420721,15.98749345,48.6116303,2.429282715
27,TBI,Martens-41-HFD27-3,D3,3.912343587,6,4.65186952,14.77287007,48.6116303,2.429282715
27,TBI,Martens-41-HFD27-3,D3,3.912343587,7,5.661148222,4.807107436,48.6116303,2.429282715
27,TBI,Martens-41-HFD27-3,D3,3.912343587,8,4.085301382,3.816687169,48.6116303,2.429282715
27,TBI,Martens-41-HFD27-3,D3,3.912343587,9,13.72475616,1.700001562,48.6116303,2.429282715
27,TBI,Martens-41-HFD27-3,D3,3.912343587,10,6.538249382,1.766658227,48.6116303,2.429282715
27,TBI,Martens-65-HFD27-30,D30,4.731491056,2,14.49302286,3.120315711,48.6116303,2.429282715
27,TBI,Martens-65-HFD27-30,D30,4.731491056,3,3.889636787,13.12600953,48.6116303,2.429282715
27,TBI,Martens-65-HFD27-30,D30,4.731491056,4,2.710502283,16.65060462,48.6116303,2.429282715
27,TBI,Martens-65-HFD27-30,D30,4.731491056,5,4.382420721,15.98749345,48.6116303,2.429282715
27,TBI,Martens-65-HFD27-30,D30,4.731491056,6,4.65186952,14.77287007,48.6116303,2.429282715
27,TBI,Martens-65-HFD27-30,D30,4.731491056,7,5.661148222,4.807107436,48.6116303,2.429282715
27,TBI,Martens-65-HFD27-30,D30,4.731491056,8,4.085301382,3.816687169,48.6116303,2.429282715
27,TBI,Martens-65-HFD27-30,D30,4.731491056,9,13.72475616,1.700001562,48.6116303,2.429282715
27,TBI,Martens-65-HFD27-30,D30,4.731491056,10,6.538249382,1.766658227,48.6116303,2.429282715
27,TBI,Martens-89-HFD27-60,D60,4.316139548,2,14.49302286,3.120315711,48.6116303,2.429282715
27,TBI,Martens-89-HFD27-60,D60,4.316139548,3,3.889636787,13.12600953,48.6116303,2.429282715
27,TBI,Martens-89-HFD27-60,D60,4.316139548,4,2.710502283,16.65060462,48.6116303,2.429282715
27,TBI,Martens-89-HFD27-60,D60,4.316139548,5,4.382420721,15.98749345,48.6116303,2.429282715
27,TBI,Martens-89-HFD27-60,D60,4.316139548,6,4.65186952,14.77287007,48.6116303,2.429282715
27,TBI,Martens-89-HFD27-60,D60,4.316139548,7,5.661148222,4.807107436,48.6116303,2.429282715
27,TBI,Martens-89-HFD27-60,D60,4.316139548,8,4.085301382,3.816687169,48.6116303,2.429282715
27,TBI,Martens-89-HFD27-60,D60,4.316139548,9,13.72475616,1.700001562,48.6116303,2.429282715
27,TBI,Martens-89-HFD27-60,D60,4.316139548,10,6.538249382,1.766658227,48.6116303,2.429282715
29,Sham,Martens-18-HFD29-Pre-surgery,Pre,4.234204627,2,73.45257613,9.174104677,76.37153196,11.78989371
29,Sham,Martens-18-HFD29-Pre-surgery,Pre,4.234204627,3,68.40935005,7.593722695,76.37153196,11.78989371
29,Sham,Martens-18-HFD29-Pre-surgery,Pre,4.234204627,4,66.37321293,7.750721806,76.37153196,11.78989371
29,Sham,Martens-18-HFD29-Pre-surgery,Pre,4.234204627,5,65.15503732,8.215868259,76.37153196,11.78989371
29,Sham,Martens-18-HFD29-Pre-surgery,Pre,4.234204627,6,52.92944408,6.834169739,76.37153196,11.78989371
29,Sham,Martens-18-HFD29-Pre-surgery,Pre,4.234204627,7,46.29122273,7.949106449,76.37153196,11.78989371
29,Sham,Martens-18-HFD29-Pre-surgery,Pre,4.234204627,8,20.8977361,12.26653282,76.37153196,11.78989371
29,Sham,Martens-18-HFD29-Pre-surgery,Pre,4.234204627,9,47.35770652,6.84583053,76.37153196,11.78989371
29,Sham,Martens-18-HFD29-Pre-surgery,Pre,4.234204627,10,43.69857489,11.18222944,76.37153196,11.78989371
29,Sham,Martens-42-HFD29-3,D3,4.523063661,2,73.45257613,9.174104677,76.37153196,11.78989371
29,Sham,Martens-42-HFD29-3,D3,4.523063661,3,68.40935005,7.593722695,76.37153196,11.78989371
29,Sham,Martens-42-HFD29-3,D3,4.523063661,4,66.37321293,7.750721806,76.37153196,11.78989371
29,Sham,Martens-42-HFD29-3,D3,4.523063661,5,65.15503732,8.215868259,76.37153196,11.78989371
29,Sham,Martens-42-HFD29-3,D3,4.523063661,6,52.92944408,6.834169739,76.37153196,11.78989371
29,Sham,Martens-42-HFD29-3,D3,4.523063661,7,46.29122273,7.949106449,76.37153196,11.78989371
29,Sham,Martens-42-HFD29-3,D3,4.523063661,8,20.8977361,12.26653282,76.37153196,11.78989371
29,Sham,Martens-42-HFD29-3,D3,4.523063661,9,47.35770652,6.84583053,76.37153196,11.78989371
29,Sham,Martens-42-HFD29-3,D3,4.523063661,10,43.69857489,11.18222944,76.37153196,11.78989371
29,Sham,Martens-66-HFD29-30,D30,4.848917438,2,73.45257613,9.174104677,76.37153196,11.78989371
29,Sham,Martens-66-HFD29-30,D30,4.848917438,3,68.40935005,7.593722695,76.37153196,11.78989371
29,Sham,Martens-66-HFD29-30,D30,4.848917438,4,66.37321293,7.750721806,76.37153196,11.78989371
29,Sham,Martens-66-HFD29-30,D30,4.848917438,5,65.15503732,8.215868259,76.37153196,11.78989371
29,Sham,Martens-66-HFD29-30,D30,4.848917438,6,52.92944408,6.834169739,76.37153196,11.78989371
29,Sham,Martens-66-HFD29-30,D30,4.848917438,7,46.29122273,7.949106449,76.37153196,11.78989371
29,Sham,Martens-66-HFD29-30,D30,4.848917438,8,20.8977361,12.26653282,76.37153196,11.78989371
29,Sham,Martens-66-HFD29-30,D30,4.848917438,9,47.35770652,6.84583053,76.37153196,11.78989371
29,Sham,Martens-66-HFD29-30,D30,4.848917438,10,43.69857489,11.18222944,76.37153196,11.78989371
29,Sham,Martens-90-HFD29-60,D60,4.265242917,2,73.45257613,9.174104677,76.37153196,11.78989371
29,Sham,Martens-90-HFD29-60,D60,4.265242917,3,68.40935005,7.593722695,76.37153196,11.78989371
29,Sham,Martens-90-HFD29-60,D60,4.265242917,4,66.37321293,7.750721806,76.37153196,11.78989371
29,Sham,Martens-90-HFD29-60,D60,4.265242917,5,65.15503732,8.215868259,76.37153196,11.78989371
29,Sham,Martens-90-HFD29-60,D60,4.265242917,6,52.92944408,6.834169739,76.37153196,11.78989371
29,Sham,Martens-90-HFD29-60,D60,4.265242917,7,46.29122273,7.949106449,76.37153196,11.78989371
29,Sham,Martens-90-HFD29-60,D60,4.265242917,8,20.8977361,12.26653282,76.37153196,11.78989371
29,Sham,Martens-90-HFD29-60,D60,4.265242917,9,47.35770652,6.84583053,76.37153196,11.78989371
29,Sham,Martens-90-HFD29-60,D60,4.265242917,10,43.69857489,11.18222944,76.37153196,11.78989371
32,Sham,Martens-19-HFD32-Pre-surgery,Pre,4.30003781,2,74.53206407,7.461249383,70.88754319,4.455065578
32,Sham,Martens-19-HFD32-Pre-surgery,Pre,4.30003781,3,89.83330387,10.52655139,70.88754319,4.455065578
32,Sham,Martens-19-HFD32-Pre-surgery,Pre,4.30003781,4,86.9309899,8.337137354,70.88754319,4.455065578
32,Sham,Martens-19-HFD32-Pre-surgery,Pre,4.30003781,5,97.70801538,12.09210037,70.88754319,4.455065578
32,Sham,Martens-19-HFD32-Pre-surgery,Pre,4.30003781,6,98.27868054,9.403148494,70.88754319,4.455065578
32,Sham,Martens-19-HFD32-Pre-surgery,Pre,4.30003781,7,99.35712652,6.807544807,70.88754319,4.455065578
32,Sham,Martens-19-HFD32-Pre-surgery,Pre,4.30003781,8,98.10054907,3.684378461,70.88754319,4.455065578
32,Sham,Martens-19-HFD32-Pre-surgery,Pre,4.30003781,9,98.1379404,4.49876825,70.88754319,4.455065578
32,Sham,Martens-19-HFD32-Pre-surgery,Pre,4.30003781,10,99.29816785,5.501464818,70.88754319,4.455065578
32,Sham,Martens-43-HFD32-3,D3,4.09450745,2,74.53206407,7.461249383,70.88754319,4.455065578
32,Sham,Martens-43-HFD32-3,D3,4.09450745,3,89.83330387,10.52655139,70.88754319,4.455065578
32,Sham,Martens-43-HFD32-3,D3,4.09450745,4,86.9309899,8.337137354,70.88754319,4.455065578
32,Sham,Martens-43-HFD32-3,D3,4.09450745,5,97.70801538,12.09210037,70.88754319,4.455065578
32,Sham,Martens-43-HFD32-3,D3,4.09450745,6,98.27868054,9.403148494,70.88754319,4.455065578
32,Sham,Martens-43-HFD32-3,D3,4.09450745,7,99.35712652,6.807544807,70.88754319,4.455065578
32,Sham,Martens-43-HFD32-3,D3,4.09450745,8,98.10054907,3.684378461,70.88754319,4.455065578
32,Sham,Martens-43-HFD32-3,D3,4.09450745,9,98.1379404,4.49876825,70.88754319,4.455065578
32,Sham,Martens-43-HFD32-3,D3,4.09450745,10,99.29816785,5.501464818,70.88754319,4.455065578
32,Sham,Martens-67-HFD32-30,D30,4.594644652,2,74.53206407,7.461249383,70.88754319,4.455065578
32,Sham,Martens-67-HFD32-30,D30,4.594644652,3,89.83330387,10.52655139,70.88754319,4.455065578
32,Sham,Martens-67-HFD32-30,D30,4.594644652,4,86.9309899,8.337137354,70.88754319,4.455065578
32,Sham,Martens-67-HFD32-30,D30,4.594644652,5,97.70801538,12.09210037,70.88754319,4.455065578
32,Sham,Martens-67-HFD32-30,D30,4.594644652,6,98.27868054,9.403148494,70.88754319,4.455065578
32,Sham,Martens-67-HFD32-30,D30,4.594644652,7,99.35712652,6.807544807,70.88754319,4.455065578
32,Sham,Martens-67-HFD32-30,D30,4.594644652,8,98.10054907,3.684378461,70.88754319,4.455065578
32,Sham,Martens-67-HFD32-30,D30,4.594644652,9,98.1379404,4.49876825,70.88754319,4.455065578
32,Sham,Martens-67-HFD32-30,D30,4.594644652,10,99.29816785,5.501464818,70.88754319,4.455065578
32,Sham,Martens-91-HFD32-60,D60,4.440280526,2,74.53206407,7.461249383,70.88754319,4.455065578
32,Sham,Martens-91-HFD32-60,D60,4.440280526,3,89.83330387,10.52655139,70.88754319,4.455065578
32,Sham,Martens-91-HFD32-60,D60,4.440280526,4,86.9309899,8.337137354,70.88754319,4.455065578
32,Sham,Martens-91-HFD32-60,D60,4.440280526,5,97.70801538,12.09210037,70.88754319,4.455065578
32,Sham,Martens-91-HFD32-60,D60,4.440280526,6,98.27868054,9.403148494,70.88754319,4.455065578
32,Sham,Martens-91-HFD32-60,D60,4.440280526,7,99.35712652,6.807544807,70.88754319,4.455065578
32,Sham,Martens-91-HFD32-60,D60,4.440280526,8,98.10054907,3.684378461,70.88754319,4.455065578
32,Sham,Martens-91-HFD32-60,D60,4.440280526,9,98.1379404,4.49876825,70.88754319,4.455065578
32,Sham,Martens-91-HFD32-60,D60,4.440280526,10,99.29816785,5.501464818,70.88754319,4.455065578
35,TBI,Martens-20-HFD35-Pre-surgery,Pre,3.471320852,2,13.80952381,0,79.22716596,0.926248548
35,TBI,Martens-20-HFD35-Pre-surgery,Pre,3.471320852,3,11.54230513,2.174940898,79.22716596,0.926248548
35,TBI,Martens-20-HFD35-Pre-surgery,Pre,3.471320852,4,10.39735039,18.86520761,79.22716596,0.926248548
35,TBI,Martens-20-HFD35-Pre-surgery,Pre,3.471320852,5,23.08337242,13.28627698,79.22716596,0.926248548
35,TBI,Martens-20-HFD35-Pre-surgery,Pre,3.471320852,6,13.79711374,7.84764667,79.22716596,0.926248548
35,TBI,Martens-20-HFD35-Pre-surgery,Pre,3.471320852,7,6.228959766,10.01472731,79.22716596,0.926248548
35,TBI,Martens-20-HFD35-Pre-surgery,Pre,3.471320852,8,10.02280903,6.754052969,79.22716596,0.926248548
35,TBI,Martens-20-HFD35-Pre-surgery,Pre,3.471320852,9,10.97770615,1.843465405,79.22716596,0.926248548
35,TBI,Martens-20-HFD35-Pre-surgery,Pre,3.471320852,10,19.07407407,1.574301574,79.22716596,0.926248548
35,TBI,Martens-44-HFD35-3,D3,3.707823835,2,13.80952381,0,79.22716596,0.926248548
35,TBI,Martens-44-HFD35-3,D3,3.707823835,3,11.54230513,2.174940898,79.22716596,0.926248548
35,TBI,Martens-44-HFD35-3,D3,3.707823835,4,10.39735039,18.86520761,79.22716596,0.926248548
35,TBI,Martens-44-HFD35-3,D3,3.707823835,5,23.08337242,13.28627698,79.22716596,0.926248548
35,TBI,Martens-44-HFD35-3,D3,3.707823835,6,13.79711374,7.84764667,79.22716596,0.926248548
35,TBI,Martens-44-HFD35-3,D3,3.707823835,7,6.228959766,10.01472731,79.22716596,0.926248548
35,TBI,Martens-44-HFD35-3,D3,3.707823835,8,10.02280903,6.754052969,79.22716596,0.926248548
35,TBI,Martens-44-HFD35-3,D3,3.707823835,9,10.97770615,1.843465405,79.22716596,0.926248548
35,TBI,Martens-44-HFD35-3,D3,3.707823835,10,19.07407407,1.574301574,79.22716596,0.926248548
35,TBI,Martens-68-HFD35-30,D30,4.019738185,2,13.80952381,0,79.22716596,0.926248548
35,TBI,Martens-68-HFD35-30,D30,4.019738185,3,11.54230513,2.174940898,79.22716596,0.926248548
35,TBI,Martens-68-HFD35-30,D30,4.019738185,4,10.39735039,18.86520761,79.22716596,0.926248548
35,TBI,Martens-68-HFD35-30,D30,4.019738185,5,23.08337242,13.28627698,79.22716596,0.926248548
35,TBI,Martens-68-HFD35-30,D30,4.019738185,6,13.79711374,7.84764667,79.22716596,0.926248548
35,TBI,Martens-68-HFD35-30,D30,4.019738185,7,6.228959766,10.01472731,79.22716596,0.926248548
35,TBI,Martens-68-HFD35-30,D30,4.019738185,8,10.02280903,6.754052969,79.22716596,0.926248548
35,TBI,Martens-68-HFD35-30,D30,4.019738185,9,10.97770615,1.843465405,79.22716596,0.926248548
35,TBI,Martens-68-HFD35-30,D30,4.019738185,10,19.07407407,1.574301574,79.22716596,0.926248548
35,TBI,Martens-92-HFD35-60,D60,3.745483164,2,13.80952381,0,79.22716596,0.926248548
35,TBI,Martens-92-HFD35-60,D60,3.745483164,3,11.54230513,2.174940898,79.22716596,0.926248548
35,TBI,Martens-92-HFD35-60,D60,3.745483164,4,10.39735039,18.86520761,79.22716596,0.926248548
35,TBI,Martens-92-HFD35-60,D60,3.745483164,5,23.08337242,13.28627698,79.22716596,0.926248548
35,TBI,Martens-92-HFD35-60,D60,3.745483164,6,13.79711374,7.84764667,79.22716596,0.926248548
35,TBI,Martens-92-HFD35-60,D60,3.745483164,7,6.228959766,10.01472731,79.22716596,0.926248548
35,TBI,Martens-92-HFD35-60,D60,3.745483164,8,10.02280903,6.754052969,79.22716596,0.926248548
35,TBI,Martens-92-HFD35-60,D60,3.745483164,9,10.97770615,1.843465405,79.22716596,0.926248548
35,TBI,Martens-92-HFD35-60,D60,3.745483164,10,19.07407407,1.574301574,79.22716596,0.926248548
36,TBI,Martens-21-HFD36-Pre-surgery,Pre,3.632821321,3,33.62007168,3.710695682,83.14434031,6.112769819
36,TBI,Martens-21-HFD36-Pre-surgery,Pre,3.632821321,4,25.14697307,11.39129461,83.14434031,6.112769819
36,TBI,Martens-21-HFD36-Pre-surgery,Pre,3.632821321,5,20.98189858,15.43252226,83.14434031,6.112769819
36,TBI,Martens-21-HFD36-Pre-surgery,Pre,3.632821321,6,20.1302022,9.070962313,83.14434031,6.112769819
36,TBI,Martens-21-HFD36-Pre-surgery,Pre,3.632821321,7,18.96384352,6.697922968,83.14434031,6.112769819
36,TBI,Martens-21-HFD36-Pre-surgery,Pre,3.632821321,8,22.97621059,6.21253977,83.14434031,6.112769819
36,TBI,Martens-21-HFD36-Pre-surgery,Pre,3.632821321,9,30.5020616,7.324100026,83.14434031,6.112769819
36,TBI,Martens-21-HFD36-Pre-surgery,Pre,3.632821321,10,17.93300889,5.96792266,83.14434031,6.112769819
36,TBI,Martens-45-HFD36-3,D3,3.528899782,3,33.62007168,3.710695682,83.14434031,6.112769819
36,TBI,Martens-45-HFD36-3,D3,3.528899782,4,25.14697307,11.39129461,83.14434031,6.112769819
36,TBI,Martens-45-HFD36-3,D3,3.528899782,5,20.98189858,15.43252226,83.14434031,6.112769819
36,TBI,Martens-45-HFD36-3,D3,3.528899782,6,20.1302022,9.070962313,83.14434031,6.112769819
36,TBI,Martens-45-HFD36-3,D3,3.528899782,7,18.96384352,6.697922968,83.14434031,6.112769819
36,TBI,Martens-45-HFD36-3,D3,3.528899782,8,22.97621059,6.21253977,83.14434031,6.112769819
36,TBI,Martens-45-HFD36-3,D3,3.528899782,9,30.5020616,7.324100026,83.14434031,6.112769819
36,TBI,Martens-45-HFD36-3,D3,3.528899782,10,17.93300889,5.96792266,83.14434031,6.112769819
36,TBI,Martens-69-HFD36-30,D30,3.936498095,3,33.62007168,3.710695682,83.14434031,6.112769819
36,TBI,Martens-69-HFD36-30,D30,3.936498095,4,25.14697307,11.39129461,83.14434031,6.112769819
36,TBI,Martens-69-HFD36-30,D30,3.936498095,5,20.98189858,15.43252226,83.14434031,6.112769819
36,TBI,Martens-69-HFD36-30,D30,3.936498095,6,20.1302022,9.070962313,83.14434031,6.112769819
36,TBI,Martens-69-HFD36-30,D30,3.936498095,7,18.96384352,6.697922968,83.14434031,6.112769819
36,TBI,Martens-69-HFD36-30,D30,3.936498095,8,22.97621059,6.21253977,83.14434031,6.112769819
36,TBI,Martens-69-HFD36-30,D30,3.936498095,9,30.5020616,7.324100026,83.14434031,6.112769819
36,TBI,Martens-69-HFD36-30,D30,3.936498095,10,17.93300889,5.96792266,83.14434031,6.112769819
36,TBI,Martens-93-HFD36-60,D60,3.952828991,3,33.62007168,3.710695682,83.14434031,6.112769819
36,TBI,Martens-93-HFD36-60,D60,3.952828991,4,25.14697307,11.39129461,83.14434031,6.112769819
36,TBI,Martens-93-HFD36-60,D60,3.952828991,5,20.98189858,15.43252226,83.14434031,6.112769819
36,TBI,Martens-93-HFD36-60,D60,3.952828991,6,20.1302022,9.070962313,83.14434031,6.112769819
36,TBI,Martens-93-HFD36-60,D60,3.952828991,7,18.96384352,6.697922968,83.14434031,6.112769819
36,TBI,Martens-93-HFD36-60,D60,3.952828991,8,22.97621059,6.21253977,83.14434031,6.112769819
36,TBI,Martens-93-HFD36-60,D60,3.952828991,9,30.5020616,7.324100026,83.14434031,6.112769819
36,TBI,Martens-93-HFD36-60,D60,3.952828991,10,17.93300889,5.96792266,83.14434031,6.112769819
37,Sham,Martens-22-HFD37-Pre-surgery,Pre,4.535551329,2,37.7082255,3.844875095,29.15282392,7.953481806
37,Sham,Martens-22-HFD37-Pre-surgery,Pre,4.535551329,3,50.97206906,1.026283142,29.15282392,7.953481806
37,Sham,Martens-22-HFD37-Pre-surgery,Pre,4.535551329,4,52.1051262,3.124041026,29.15282392,7.953481806
37,Sham,Martens-22-HFD37-Pre-surgery,Pre,4.535551329,5,65.88140467,4.776358969,29.15282392,7.953481806
37,Sham,Martens-22-HFD37-Pre-surgery,Pre,4.535551329,6,68.30541974,5.079009841,29.15282392,7.953481806
37,Sham,Martens-22-HFD37-Pre-surgery,Pre,4.535551329,7,72.49271875,7.416879095,29.15282392,7.953481806
37,Sham,Martens-22-HFD37-Pre-surgery,Pre,4.535551329,8,70.68223953,6.104182133,29.15282392,7.953481806
37,Sham,Martens-22-HFD37-Pre-surgery,Pre,4.535551329,9,75.13548355,7.166552541,29.15282392,7.953481806
37,Sham,Martens-22-HFD37-Pre-surgery,Pre,4.535551329,10,65.78223709,7.712097469,29.15282392,7.953481806
37,Sham,Martens-46-HFD37-3,D3,4.028421605,2,37.7082255,3.844875095,29.15282392,7.953481806
37,Sham,Martens-46-HFD37-3,D3,4.028421605,3,50.97206906,1.026283142,29.15282392,7.953481806
37,Sham,Martens-46-HFD37-3,D3,4.028421605,4,52.1051262,3.124041026,29.15282392,7.953481806
37,Sham,Martens-46-HFD37-3,D3,4.028421605,5,65.88140467,4.776358969,29.15282392,7.953481806
37,Sham,Martens-46-HFD37-3,D3,4.028421605,6,68.30541974,5.079009841,29.15282392,7.953481806
37,Sham,Martens-46-HFD37-3,D3,4.028421605,7,72.49271875,7.416879095,29.15282392,7.953481806
37,Sham,Martens-46-HFD37-3,D3,4.028421605,8,70.68223953,6.104182133,29.15282392,7.953481806
37,Sham,Martens-46-HFD37-3,D3,4.028421605,9,75.13548355,7.166552541,29.15282392,7.953481806
37,Sham,Martens-46-HFD37-3,D3,4.028421605,10,65.78223709,7.712097469,29.15282392,7.953481806
37,Sham,Martens-70-HFD37-30,D30,4.507836884,2,37.7082255,3.844875095,29.15282392,7.953481806
37,Sham,Martens-70-HFD37-30,D30,4.507836884,3,50.97206906,1.026283142,29.15282392,7.953481806
37,Sham,Martens-70-HFD37-30,D30,4.507836884,4,52.1051262,3.124041026,29.15282392,7.953481806
37,Sham,Martens-70-HFD37-30,D30,4.507836884,5,65.88140467,4.776358969,29.15282392,7.953481806
37,Sham,Martens-70-HFD37-30,D30,4.507836884,6,68.30541974,5.079009841,29.15282392,7.953481806
37,Sham,Martens-70-HFD37-30,D30,4.507836884,7,72.49271875,7.416879095,29.15282392,7.953481806
37,Sham,Martens-70-HFD37-30,D30,4.507836884,8,70.68223953,6.104182133,29.15282392,7.953481806
37,Sham,Martens-70-HFD37-30,D30,4.507836884,9,75.13548355,7.166552541,29.15282392,7.953481806
37,Sham,Martens-70-HFD37-30,D30,4.507836884,10,65.78223709,7.712097469,29.15282392,7.953481806
37,Sham,Martens-94-HFD37-60,D60,4.608020055,2,37.7082255,3.844875095,29.15282392,7.953481806
37,Sham,Martens-94-HFD37-60,D60,4.608020055,3,50.97206906,1.026283142,29.15282392,7.953481806
37,Sham,Martens-94-HFD37-60,D60,4.608020055,4,52.1051262,3.124041026,29.15282392,7.953481806
37,Sham,Martens-94-HFD37-60,D60,4.608020055,5,65.88140467,4.776358969,29.15282392,7.953481806
37,Sham,Martens-94-HFD37-60,D60,4.608020055,6,68.30541974,5.079009841,29.15282392,7.953481806
37,Sham,Martens-94-HFD37-60,D60,4.608020055,7,72.49271875,7.416879095,29.15282392,7.953481806
37,Sham,Martens-94-HFD37-60,D60,4.608020055,8,70.68223953,6.104182133,29.15282392,7.953481806
37,Sham,Martens-94-HFD37-60,D60,4.608020055,9,75.13548355,7.166552541,29.15282392,7.953481806
37,Sham,Martens-94-HFD37-60,D60,4.608020055,10,65.78223709,7.712097469,29.15282392,7.953481806
39,Sham,Martens-23-HFD39-Pre-surgery,Pre,4.2124795,2,92.32399511,5.626134644,91.75548767,12.73126435
39,Sham,Martens-23-HFD39-Pre-surgery,Pre,4.2124795,3,95.25916867,7.446477445,91.75548767,12.73126435
39,Sham,Martens-23-HFD39-Pre-surgery,Pre,4.2124795,4,96.44298246,10.43862852,91.75548767,12.73126435
39,Sham,Martens-23-HFD39-Pre-surgery,Pre,4.2124795,5,96.66001576,7.879483407,91.75548767,12.73126435
39,Sham,Martens-23-HFD39-Pre-surgery,Pre,4.2124795,6,96.44691043,9.292193085,91.75548767,12.73126435
39,Sham,Martens-23-HFD39-Pre-surgery,Pre,4.2124795,7,94.56075894,11.51285472,91.75548767,12.73126435
39,Sham,Martens-23-HFD39-Pre-surgery,Pre,4.2124795,8,93.83297114,9.527829235,91.75548767,12.73126435
39,Sham,Martens-23-HFD39-Pre-surgery,Pre,4.2124795,9,97.49556738,6.391241746,91.75548767,12.73126435
39,Sham,Martens-23-HFD39-Pre-surgery,Pre,4.2124795,10,95.81855792,11.81306711,91.75548767,12.73126435
39,Sham,Martens-47-HFD39-3,D3,4.063972577,2,92.32399511,5.626134644,91.75548767,12.73126435
39,Sham,Martens-47-HFD39-3,D3,4.063972577,3,95.25916867,7.446477445,91.75548767,12.73126435
39,Sham,Martens-47-HFD39-3,D3,4.063972577,4,96.44298246,10.43862852,91.75548767,12.73126435
39,Sham,Martens-47-HFD39-3,D3,4.063972577,5,96.66001576,7.879483407,91.75548767,12.73126435
39,Sham,Martens-47-HFD39-3,D3,4.063972577,6,96.44691043,9.292193085,91.75548767,12.73126435
39,Sham,Martens-47-HFD39-3,D3,4.063972577,7,94.56075894,11.51285472,91.75548767,12.73126435
39,Sham,Martens-47-HFD39-3,D3,4.063972577,8,93.83297114,9.527829235,91.75548767,12.73126435
39,Sham,Martens-47-HFD39-3,D3,4.063972577,9,97.49556738,6.391241746,91.75548767,12.73126435
39,Sham,Martens-47-HFD39-3,D3,4.063972577,10,95.81855792,11.81306711,91.75548767,12.73126435
39,Sham,Martens-71-HFD39-30,D30,4.003595738,2,92.32399511,5.626134644,91.75548767,12.73126435
39,Sham,Martens-71-HFD39-30,D30,4.003595738,3,95.25916867,7.446477445,91.75548767,12.73126435
39,Sham,Martens-71-HFD39-30,D30,4.003595738,4,96.44298246,10.43862852,91.75548767,12.73126435
39,Sham,Martens-71-HFD39-30,D30,4.003595738,5,96.66001576,7.879483407,91.75548767,12.73126435
39,Sham,Martens-71-HFD39-30,D30,4.003595738,6,96.44691043,9.292193085,91.75548767,12.73126435
39,Sham,Martens-71-HFD39-30,D30,4.003595738,7,94.56075894,11.51285472,91.75548767,12.73126435
39,Sham,Martens-71-HFD39-30,D30,4.003595738,8,93.83297114,9.527829235,91.75548767,12.73126435
39,Sham,Martens-71-HFD39-30,D30,4.003595738,9,97.49556738,6.391241746,91.75548767,12.73126435
39,Sham,Martens-71-HFD39-30,D30,4.003595738,10,95.81855792,11.81306711,91.75548767,12.73126435
39,Sham,Martens-95-HFD39-60,D60,4.206335526,2,92.32399511,5.626134644,91.75548767,12.73126435
39,Sham,Martens-95-HFD39-60,D60,4.206335526,3,95.25916867,7.446477445,91.75548767,12.73126435
39,Sham,Martens-95-HFD39-60,D60,4.206335526,4,96.44298246,10.43862852,91.75548767,12.73126435
39,Sham,Martens-95-HFD39-60,D60,4.206335526,5,96.66001576,7.879483407,91.75548767,12.73126435
39,Sham,Martens-95-HFD39-60,D60,4.206335526,6,96.44691043,9.292193085,91.75548767,12.73126435
39,Sham,Martens-95-HFD39-60,D60,4.206335526,7,94.56075894,11.51285472,91.75548767,12.73126435
39,Sham,Martens-95-HFD39-60,D60,4.206335526,8,93.83297114,9.527829235,91.75548767,12.73126435
39,Sham,Martens-95-HFD39-60,D60,4.206335526,9,97.49556738,6.391241746,91.75548767,12.73126435
39,Sham,Martens-95-HFD39-60,D60,4.206335526,10,95.81855792,11.81306711,91.75548767,12.73126435
40,TBI,Martens-24-HFD40-Pre-surgery,Pre,4.024284643,2,43.60774033,24.96055356,31.67614422,17.75265112
40,TBI,Martens-24-HFD40-Pre-surgery,Pre,4.024284643,3,28.80470822,34.54482592,31.67614422,17.75265112
40,TBI,Martens-24-HFD40-Pre-surgery,Pre,4.024284643,4,45.2460663,23.6519259,31.67614422,17.75265112
40,TBI,Martens-24-HFD40-Pre-surgery,Pre,4.024284643,5,49.3489787,9.636598739,31.67614422,17.75265112
40,TBI,Martens-24-HFD40-Pre-surgery,Pre,4.024284643,6,53.48452951,10.06301091,31.67614422,17.75265112
40,TBI,Martens-24-HFD40-Pre-surgery,Pre,4.024284643,7,48.77496252,14.90906753,31.67614422,17.75265112
40,TBI,Martens-24-HFD40-Pre-surgery,Pre,4.024284643,8,53.9068386,16.21347546,31.67614422,17.75265112
40,TBI,Martens-24-HFD40-Pre-surgery,Pre,4.024284643,9,60.53672062,10.15729141,31.67614422,17.75265112
40,TBI,Martens-24-HFD40-Pre-surgery,Pre,4.024284643,10,55.75179704,4.749160846,31.67614422,17.75265112
40,TBI,Martens-48-HFD40-3,D3,3.474047497,2,43.60774033,24.96055356,31.67614422,17.75265112
40,TBI,Martens-48-HFD40-3,D3,3.474047497,3,28.80470822,34.54482592,31.67614422,17.75265112
40,TBI,Martens-48-HFD40-3,D3,3.474047497,4,45.2460663,23.6519259,31.67614422,17.75265112
40,TBI,Martens-48-HFD40-3,D3,3.474047497,5,49.3489787,9.636598739,31.67614422,17.75265112
40,TBI,Martens-48-HFD40-3,D3,3.474047497,6,53.48452951,10.06301091,31.67614422,17.75265112
40,TBI,Martens-48-HFD40-3,D3,3.474047497,7,48.77496252,14.90906753,31.67614422,17.75265112
40,TBI,Martens-48-HFD40-3,D3,3.474047497,8,53.9068386,16.21347546,31.67614422,17.75265112
40,TBI,Martens-48-HFD40-3,D3,3.474047497,9,60.53672062,10.15729141,31.67614422,17.75265112
40,TBI,Martens-48-HFD40-3,D3,3.474047497,10,55.75179704,4.749160846,31.67614422,17.75265112
40,TBI,Martens-72-HFD40-30,D30,3.981207514,2,43.60774033,24.96055356,31.67614422,17.75265112
40,TBI,Martens-72-HFD40-30,D30,3.981207514,3,28.80470822,34.54482592,31.67614422,17.75265112
40,TBI,Martens-72-HFD40-30,D30,3.981207514,4,45.2460663,23.6519259,31.67614422,17.75265112
40,TBI,Martens-72-HFD40-30,D30,3.981207514,5,49.3489787,9.636598739,31.67614422,17.75265112
40,TBI,Martens-72-HFD40-30,D30,3.981207514,6,53.48452951,10.06301091,31.67614422,17.75265112
40,TBI,Martens-72-HFD40-30,D30,3.981207514,7,48.77496252,14.90906753,31.67614422,17.75265112
40,TBI,Martens-72-HFD40-30,D30,3.981207514,8,53.9068386,16.21347546,31.67614422,17.75265112
40,TBI,Martens-72-HFD40-30,D30,3.981207514,9,60.53672062,10.15729141,31.67614422,17.75265112
40,TBI,Martens-72-HFD40-30,D30,3.981207514,10,55.75179704,4.749160846,31.67614422,17.75265112
40,TBI,Martens-96-HFD40-60,D60,4.053499483,2,43.60774033,24.96055356,31.67614422,17.75265112
40,TBI,Martens-96-HFD40-60,D60,4.053499483,3,28.80470822,34.54482592,31.67614422,17.75265112
40,TBI,Martens-96-HFD40-60,D60,4.053499483,4,45.2460663,23.6519259,31.67614422,17.75265112
40,TBI,Martens-96-HFD40-60,D60,4.053499483,5,49.3489787,9.636598739,31.67614422,17.75265112
40,TBI,Martens-96-HFD40-60,D60,4.053499483,6,53.48452951,10.06301091,31.67614422,17.75265112
40,TBI,Martens-96-HFD40-60,D60,4.053499483,7,48.77496252,14.90906753,31.67614422,17.75265112
40,TBI,Martens-96-HFD40-60,D60,4.053499483,8,53.9068386,16.21347546,31.67614422,17.75265112
40,TBI,Martens-96-HFD40-60,D60,4.053499483,9,60.53672062,10.15729141,31.67614422,17.75265112
40,TBI,Martens-96-HFD40-60,D60,4.053499483,10,55.75179704,4.749160846,31.67614422,17.75265112